Aircraft Name,Aircraft Code,Year of First Flight,Manufacturer Country
A2 CZ Ellipse Spirit,ELSP,2011,OK
AAI RQ-7 Shadow,rq7,1991,N
AASI Jetcruzer,JCRU,1989,
Aceair AERIKS 200,ARKS,2002,
Aces High Cuby 2,CUB2,,C
Acro Sport 1,ACRO,1972,N
Acro Sport II,ACR2,1972,N
Advanced Aeromarine Buccaneer,BUCA,1984,N
AEA Maverick,MAVR,1987,
Aermacchi AL-60,LA60,1959,I
Aermacchi AM.3,AM3,1967,I
Aermacchi MB-326,M326,1957,I
Aermacchi MB-339,M339,1976,I
Aero A-101,a101,1934,OK
Aero Adventure Aventura,AVTR,1995,N
Aero AT-3,AAT3,1997,SP
Aero AT-4,AAT4,,SP
Aero Boero AB-115,AB11,1969,LV
Aero Boero AB-150,AB15,,LV
Aero Boero AB-180,AB18,1967,LV
Aero Boero AB-95,AB95,1959,LV
Aero C.3A,c3a,,OK
Aero Commander 100,VO10,1960,N
Aero Commander 1121 Jet Commander,JCOM,,N
Aero Commander 500,AC50,,N
Aero Commander 520,AC52,,N
Aero Commander 560,AC56,,N
Aero Commander 680,AC68,,N
Aero Commander 680FL/685,AC6L,,N
Aero Commander 720,AC72,,N
Aero Commander S-2,SS2P,,N
Aero East Europe Sila 450,S450,,S5
Aero Itba Petrel,PETL,,LV
Aero L-159,L159,1997,OK
Aero L-29 Delfin,L29,1959,OK
Aero L-39 Albatros,L39,1968,OK
Aero L-59,L59,1986,OK
Aero Mirage TC-2,TC2,,N
Aéro Services Guépy,GUEP,,F
Aero Spacelines Mini Guppy Turbine,gupt,1970,N
Aero Spacelines Super Guppy,SGUP,1965,N
Aero-Composites Sea Hawker,AGSH,,N
Aero-Volga LA-8 Flagman,LA8,,RA
Aeroalcool Quasar Lite,QUAS,2009,PP
AeroAndina MXP-1000 Tayrona,MX1T,,HK
Aerokopter AK1-3 Sanka,ZA6,2001,UR
Aeromarine 75,ae75,1920,N
Aeromot AMT-600 Guri,GURI,1999,PP
Aeronca 11 Chief,AR11,1945,N
Aeronca 50 Chief,AR50,1938,N
Aeronca 65,AR65,,N
Aeronca C-3,aec3,,N
Aeronca Champion,CH7A,1944,N
Aeronca L-3,l3,1941,N
Aeronca L-3 Grasshopper,AR6T,1941,N
Aeronca Scout,AERK,,N
Aeronca Sedan,AR15,1947,N
Aeronix Airelle,AIRL,2002,
Aeropilot Legend,LGND,,OK
Aeroprakt A-20,AP20,,UR
Aeroprakt A-22,AP22,1996,UR
Aeroprakt A-24,AP24,,UR
Aeroprakt A-32,AP32,,UR
Aeroprakt A-33,A33,,UR
Aeropro Eurofox,EFOX,1991,OM
Aeros UL-2000 Flamingo,UL2F,,UR
Aerosette MH-46 Eclipse,MH46,,OK
Aérospatiale AS 332 Super Puma,AS3B,1978,F
Aérospatiale AS 332 Super Puma / Cougar,AS32,1986,F
Aérospatiale AS 350 Ecureuil,AS50,1974,F
Aérospatiale AS 355 Écureuil II,AS55,1979,F
Aérospatiale Gazelle,GAZL,1967,F
Aerospatiale SA-315 Lama,LAMA,1969,F
Aerospatiale SA-330 Puma,PUMA,1965,F
Aerospatiale SA-360 Dauphin,S360,1972,F
Aérospatiale SN.601 Corvette,S601,1970,F
Aerospool WT-10 Advantic,WT10,2013,OM
Aerospool WT-9 Dynamic,WT9,,OM
Aerosport Scamp,SCAM,1973,N
Aerosport Woody Pusher,WOPU,,N
Aerostar Festival,FEST,,YR
Aerotec Uirapuru,A122,1965,PP
Aerotechnik L-13S Vivat,L13S,,OK
Agusta A109,A109,1971,I
Agusta A119 Koala,A119,1995,I
Agusta A129 Mangusta,A129,1983,I
AgustaWestland AW139,A139,2001,I
AgustaWestland AW149,A149,2009,
AgustaWestland AW169,A169,2012,I
AgustaWestland AW189,A189,2011,I
AgustaWestland AW609,B609,2003,I
AIDC AT-3,AT3,1980,Bt
AIDC F-CK-1 Ching-kuo,CKUO,1989,Bt
AIDC T-CH-1,CH1,1973,Bt
Air & Space 18,UM18,1964,N
Air Command Commander,CMD1,1984,N
Air Command Commander Elite,CMDE,,N
Air Command Elite Tandem,CMDT,,N
Air Tractor AT-300,AT3P,1973,N
Air Tractor AT-400,AT3T,1979,N
Air Tractor AT-501,AT5P,1986,N
Air Tractor AT-502/503/504,AT5T,,N
Air Tractor AT-602,AT6T,1995,N
Air Tractor AT-802,AT8T,1990,N
Air-Light Wild Thing,WILT,,D
Airborne Edge,abed,,VH
Airborne XT,abxt,,VH
Airbus A220-100,BCS1,2013,C
Airbus A220-300,BCS3,2015,C
Airbus A300B2/B4/C4,A30B,1972,EU
Airbus A300B4-600,A306,1983,EU
Airbus A310,A310,1982,EU
Airbus A318,A318,2002,EU
Airbus A319,A319,1995,EU
Airbus A319neo,A19N,2017,
Airbus A320,A320,1987,EU
Airbus A320neo,A20N,2014,EU
Airbus A321,A321,1993,EU
Airbus A321neo,A21N,2016,EU
Airbus A330-200,A332,1992,EU
Airbus A330-300,A333,1992,EU
Airbus A330-800,A338,,EU
Airbus A330-900,A339,2017,EU
Airbus A340-200,A342,1991,EU
Airbus A340-300,A343,1991,EU
Airbus A340-500,A345,2002,EU
Airbus A340-600,A346,2001,EU
Airbus A350-1000,A35K,2016,EU
Airbus A350-800,A358,,
Airbus A350-900,A359,2013,EU
Airbus A380,A388,2005,EU
Airbus Beluga,A3ST,1994,
Airbus Beluga XL,A337,2018,
Airbus E-Fan,EFAN,2014,
Airbus Helicopters H125,AS50,,F
Airbus Military A400M,A400,2009,EU
Airco DH,dh9,1917,G
Airco DH,dh5,1916,G
Airco DH,dh4,1916,G
Aircraft Designs Super Stallion,STAL,1994,N
AirLony Skylane,ALSL,2005,OK
Airmax SeaMax,SMAX,2000,PP
Airplane Factory Sling,D6SL,,ZS
Airspeed AS.57 Ambassador,amba,1947,G
Airspeed Consul,cnsl,1946,G
Airspeed Horsa,hors,1941,G
Airspeed Oxford,oxfd,1937,G
AISA I-115,I115,1952,EC
AISA I-11B Peque,I11B,1951,EC
Akaflieg Braunschweig SB-5 Danzig,sb5,1959,D
Akaflieg Darmstadt D-39,D39,1979,
Akrotech G-202,G202,,N
Akrotech G-300,G300,,N
Albatros C,albc,1915,D
Albatros D,aldv,1917,D
Albatros D,ald3,1916,D
Alenia Aermacchi M-346 Master,M346,2004,I
Alenia C-27J,C27J,1999,I
Alenia G-222,G222,1970,I
Alisport Silent 2 Electro,alis,,I
Alpaero Choucas,CHCS,1996,
Alpha J-5 Marco,JAJ5,1983,SP
Alpi Pioneer 200,PNR2,,I
Alpi Pioneer 330,PNR3,,I
Alpi Pioneer 400,PNR4,,I
Alvarez Polliwagen,POLI,,N
Ambrosini Rondone,ROND,1951,I
Ambrosini S.7,ams7,1939,I
American Autogyro SparrowHawk,SPHA,,N
American Champion Scout,BL8,1974,N
American Eagle A-101,AEA1,1926,
American Sportscopter Ultrasport,ULTS,,N
Ameur Altania,BLBU,1995,
AMS-Flight Carat,TFK2,,S5
AMX A-1,AMX,1984,PP
Anahuac Tauro,TARO,1968,
Anderson Kingfisher,KFIS,1969,N
Angel 44,ANGL,,N
Antonov An-10,an10,1957,UR
Antonov An-12,AN12,1957,UR
Antonov An-124,A124,1982,UR
Antonov An-140,A140,1997,UR
Antonov An-148,A148,2004,UR
Antonov An-178,A178,2015,
Antonov An-2,AN2,1947,UR
Antonov An-22,AN22,1965,UR
Antonov An-225,A225,1988,UR
Antonov An-24,AN24,1959,UR
Antonov An-26,AN26,1969,UR
Antonov An-28 / PZL M-28,AN28,1969,UR
Antonov An-3,AN3,1980,UR
Antonov An-30,AN30,1967,UR
Antonov An-32,AN32,1976,UR
Antonov An-38,AN38,1994,UR
Antonov An-70,AN70,1994,UR
Antonov An-72 / An-74,AN72,1977,UR
Antonov An-74-300,A743,,UR
Antonov An-8,AN8,1956,UR
Apollo Fox,AFOX,,HU
Aquila A210 (AT01),A210,2000,D
ARACE SIRIN,siri,,HA
Arado Ar 79,AR79,1938,D
Arado Ar 96,ar96,1938,D
Arado Ar-196,a196,1937,D
Arion Lightning,ALIG,2006,N
Armstrong Whitworth Albemarle,albe,1940,G
Armstrong Whitworth Argosy,argo,1926,G
Armstrong Whitworth Atlas,awat,1925,G
Armstrong Whitworth AW-650 Argosy,aw65,1959,G
Armstrong Whitworth AW.15 Atalanta,atal,1932,G
Armstrong Whitworth AW.27 Ensign,aw27,1938,G
Armstrong Whitworth F.K.8,fk8,1916,G
Armstrong Whitworth Siskin,sisk,1919,G
Armstrong Whitworth Whitley,whtl,1936,G
ARV Super 2,ARV1,1985,G
Asso Aerei V Champion,ASO5,1995,I
Asso Aerei X Jewel,ASOX,,I
Atec 122 Zephyr,ZEPH,,OK
Atec 321 Faeta,FAET,,OK
ATG Javelin,ATG1,2005,
ATR 42-300,AT43,1984,I
ATR 42-400,AT44,,
ATR 42-500,AT45,1994,I
ATR 42-600,AT46,2010,I
ATR 72,AT72,1988,I
ATR 72-500,AT75,1996,I
ATR 72-600,AT76,2009,I
Aura Aero Integral R,INTG,2020,F
Auster Adventurer,ADVE,1947,G
Auster Aiglet Trainer,AIGT,1951,G
Auster AOP.9,AUS9,1954,G
Auster Arrow,AUJ2,1945,G
Auster Autocar,ACAR,1949,G
Auster B8 Agricola,b8ag,1955,G
Auster D4,D4,1960,G
Auster J/1,J1,1958,G
Auster J/4 Archer,AUJ4,1946,G
Auster J/5 Alpine,ALPI,,G
Auster T.7,AUS7,,G
Australian Aircraft Kits Bushman,BMAN,,VH
Australian Lightwing GR 912,LWIN,,VH
Australian Lightwing SP-2000 Speed ?,LW20,,VH
AutoGyro Calidus,CDUS,2009,D
AutoGyro Cavalon,CLON,,D
AutoGyro MT-03,MT,,D
Avantage A-27,A27,,RA
Avcen Jetpod,jtpd,2009,9M
Aveko VL-3,VL3,,OK
Avia FL-3,FL3,1938,I
Avia S-199,ME09,1947,OK
Aviamilano Nibbio,NIBB,1958,I
Aviamilano P-19 Scricciolo,P19,,I
Aviastroitel AC-5M,AC5M,1999,RA
Aviat A-1 Husky,HUSK,1986,N
Aviat Eagle,EAGL,1977,N
Aviate Raptor,avra,,ZS
Aviatika MAI-890,A890,1987,RA
Aviation Traders ATL-98 Carvair,CARV,1961,G
AVIC AC311,AC31,,B
Avid Amphibian,AVAM,,N
Avid Flyer,AVID,1983,N
Avid Magnum,MAGN,,N
Avioane IAR-99 Soim,IR99,1985,YR
Avro 504,A504,1913,G
Avro 642 Eighteen,a642,1934,G
Avro 685 York,a685,1942,G
Avro 691 Lancastrian,a691,1943,G
Avro Anson,ANSN,1935,G
Avro Avian,AVIN,1926,G
Avro Cadet,avca,,G
Avro Canada C102 Jetliner,c102,1949,C
Avro Canada CF-100 Canuck,cf10,1950,C
Avro Lancaster,LANC,1941,G
Avro Lincoln,linc,1944,G
Avro Manchester,manc,1939,G
Avro Nineteen,av19,,G
Avro RJ-100,RJ1H,1992,G
Avro RJ-70,RJ70,1992,G
Avro RJ-85,RJ85,1992,G
Avro Shackleton,SHAC,1949,G
Avro Tudor,tudr,1945,G
Avro Tutor,TUTR,1929,G
Avro Vulcan,VULC,1952,G
Ayres S-2R Thrush,SS2P,1956,N
Ayres S-2R-T Turbo Thrush,SS2T,,N
Azalea Saberwing,SABW,,
B & F Technik FK-12 Comet,FK12,1997,D
B & F Technik FK-14 Polaris,FK14,1999,D
B & F Technik FK-9,FK9,1989,D
BA Swallow 2,bas2,,G
Baade 152,b152,1958,D
BAC Jet Provost,JPRO,1954,G
BAC One-Eleven,BA11,1963,G
BAC/Aérospatiale Concorde,CONC,1969,G
Backcountry Mackey SQ-2,MSQ2,,N
BAe Hawk,HAWK,1974,G
Bakeng Duce,DUCE,1970,N
Barnett J4B2,J4B2,,N
Barr BarrSix,BAR6,,N
Barrows Bearhawk,BEAR,,N
Barrows Bearhawk Patrol,BPAT,,N
Basler DC-3-65TP,DC3T,,N
Baykar Bayraktar TB2,BTB2,2014,TC
Beagle Airedale,AIRD,1961,G
Beagle B.206,BASS,1961,G
Beagle Husky,D5,1960,G
Beagle Pup,PUP,1967,G
Beagle Terrier,AUS6,1961,G
Beaver RX,BEVR,,C
Bede BD-10,BD10,1992,N
Bede BD-4,BD4,1968,N
Bede BD-5,BD5,1971,N
Bede BD-5J,BD5J,,N
Bede BD-5T,BD5T,,N
Beechcraft 100 King Air,BE10,,N
Beechcraft 17 Staggerwing,BE17,1932,N
Beechcraft 18,BE18,1937,N
Beechcraft 19 Musketeer Sport,BE19,,N
Beechcraft 1900,B190,1982,N
Beechcraft 200 Super King Air,BE20,,N
Beechcraft 23,BE23,,N
Beechcraft 24,BE24,,N
Beechcraft 300 Super King Air,BE30,,N
Beechcraft 300 Super King Air 350,B350,,N
Beechcraft 33 Bonanza,BE33,,N
Beechcraft 34 Twin Quad,be34,1947,N
Beechcraft 35 Bonanza,BE35,1945,N
Beechcraft 36 Bonanza,BE36,,N
Beechcraft 390 Premier I,PRM1,,N
Beechcraft 50 Twin Bonanza,BE50,1949,N
Beechcraft 55 Baron,BE55,1960,N
Beechcraft 56 Turbo Baron,BE56,,N
Beechcraft 58 Baron,BE58,1960,N
Beechcraft 58TC Baron,B58T,,N
Beechcraft 60 Duke,BE60,1966,N
Beechcraft 65 Queen Air,BE65,,N
Beechcraft 70 Queen Air,BE70,,N
Beechcraft 76 Duchess,BE76,1974,N
Beechcraft 77 Skipper,BE77,1978,N
Beechcraft 80 Queen Air,BE80,,N
Beechcraft 88 Queen Air,BE88,,N
Beechcraft 90 King Air,BE9L,,N
Beechcraft 95 Travel Air,BE95,,N
Beechcraft 99,BE99,1966,N
Beechcraft A36T Bonanza,B36T,,N
Beechcraft AT-10 Wichita,at10,1941,N
Beechcraft B36TC Bonanza,BT36,,N
Beechcraft Beechjet 400,BE40,1986,N
Beechcraft F90 King Air,BE9T,,N
Beechcraft QU-22B Pave Eagle,U22,,N
Beechcraft T-34 Mentor,T34P,1948,N
Beechcraft T-34C Turbo Mentor,T34T,1973,N
Beechcraft U-21 Ute,U21,,N
Beets Special,GBSP,1973,
Bell 206/OH-58,B06,1966,N
Bell 206LT,B06T,,
Bell 212,B212,1968,N
Bell 214,B214,1970,N
Bell 214ST,BSTP,1977,N
Bell 222,B222,1976,N
Bell 230,B230,,N
Bell 407,B407,1995,N
Bell 412,B412,1992,N
Bell 427,B427,1997,N
Bell 429 GlobalRanger,B429,2007,N
Bell 430,B430,1994,N
Bell 47G,B47G,,N
Bell 47G Soloy,B47T,,N
Bell 47J Ranger,B47J,1956,N
Bell 505 Jet Ranger X,B505,2014,N
Bell 525 Relentless,B525,2015,N
Bell AH-1 HueyCobra,HUCO,1965,N
Bell AH-1Z SuperCobra,SUCO,1969,N
Bell P-39 Airacobra,P39,1938,N
Bell P-63 Kingcobra,P63,1942,N
Bell UH-1 Iroquois,UH1,1956,N
Bell UH-1Y,UH1Y,2001,N
Bell V-280 Valor,V280,2017,
Bell XV-15,XV15,1977,N
Bell-Boeing V-22 Osprey,V22,1989,N
Bellanca 260,B14C,,N
Bellanca Aries,T250,1973,
Bellanca CH-300 Pacemaker,PACE,1929,N
Bellanca Citabria,CH7B,,N
Bellanca Cruisair,B14A,1937,N
Bellanca Viking,BL17,1967,N
Bensen B8,b8,1955,N
Beriev A-50,A50,1978,RA
Beriev Be-103,B103,1997,RA
Beriev Be-12,BE12,1960,RA
Beriev Be-200,BER2,1998,RA
Beriev Be-30,BE32,1967,RA
Berkut,BKUT,,N
Best Off Nynja,NNJA,,F
Best Off Sky Ranger,SKRA,1990,F
Bharat Swati,SWAT,1990,VT
Binder EB-28,AS25,,D
Binder EB-29,EB29,2009,D
Blackburn Baffin,baff,1932,G
Blackburn Beverley,bevl,1950,G
Blackburn Bluebird,blbl,1924,G
Blackburn Botha,both,1938,G
Blackburn Buccaneer,bucc,1958,G
Blackburn Roc,broc,1938,G
Blackburn Shark,bsha,1933,G
Blackburn Skua,skua,1937,G
Blackshape Gabriél,GABR,,I
Blackshape Prime,PRIM,2007,I
Blackwing BW-600,BW60,,SE
Blériot 155,b155,1925,F
Bleriot XI,BL11,,F
Bloch 220,b220,1936,F
Blue Yonder Merlin,MAME,1987,C
Boeing 247,b247,1933,N
Boeing 314,b314,1938,N
Boeing 377 Stratocruiser,b377,1947,N
Boeing 40,BO40,1925,N
Boeing 707-100,B701,1957,N
Boeing 707-300,B703,,N
Boeing 707-400,B704,,N
Boeing 717,B712,1998,N
Boeing 720,B720,1959,N
Boeing 727-100,B721,1963,N
Boeing 727-200,B722,1967,N
Boeing 737 MAX 10,B3XM,2021,
Boeing 737 MAX 7,B37M,2018,
Boeing 737 MAX 8,B38M,2016,N
Boeing 737 MAX 9,B39M,2017,N
Boeing 737-100,B731,1967,N
Boeing 737-200,B732,1967,N
Boeing 737-300,B733,1984,N
Boeing 737-400,B734,1988,N
Boeing 737-500,B735,1989,N
Boeing 737-600,B736,1998,N
Boeing 737-700,B737,1997,N
Boeing 737-800,B738,1997,N
Boeing 737-900,B739,2000,N
Boeing 747-100,B741,1969,N
Boeing 747-200,B742,1970,N
Boeing 747-300,B743,1982,N
Boeing 747-400,B744,1988,N
Boeing 747-8,B748,2010,N
Boeing 747SP,B74S,1975,N
Boeing 747SR,B74R,,N
Boeing 757-200,B752,1982,N
Boeing 757-300,B753,1998,N
Boeing 767-200,B762,1981,N
Boeing 767-300,B763,1986,N
Boeing 767-400,B764,1999,N
Boeing 777-200,B772,1994,N
Boeing 777-200LR,B77L,,N
Boeing 777-300,B773,1997,N
Boeing 777-300ER,B77W,2003,N
Boeing 777-9,B779,2020,N
Boeing 787-10 Dreamliner,B78X,2017,N
Boeing 787-8 Dreamliner,B788,2009,N
Boeing 787-9 Dreamliner,B789,2013,N
Boeing 80,b80,1928,N
Boeing B-17 Flying Fortress,B17,1935,N
Boeing B-29 Superfortress,B29,1942,N
Boeing B-47 Stratojet,b47,1947,N
Boeing B-50 Superfortress,b50,1947,N
Boeing B-52 Stratofortress,B52,1952,N
Boeing C-135,C135,1965,N
Boeing C-97 Stratofreighter,C97,1944,N
Boeing CH-47 Chinook,H47,1961,N
Boeing Dreamlifter,BLCF,2006,N
Boeing E-3 Sentry,E3TF,1972,N
Boeing E-6 Mercury,E6,1987,N
Boeing E-767,E767,1994,
Boeing Growler,F18S,,N
Boeing KC-135A Stratotanker,K35A,,N
Boeing KC-135E Stratotanker,K35E,,N
Boeing KC-135R Stratotanker,K35R,,N
Boeing P-12,p12,1928,N
Boeing P-26 Peashooter,p26,1932,N
Boeing P-8 Poseidon,P8,2009,N
Boeing PW-9,pw9,1923,N
Boeing RC-135,R135,,N
Boeing S.307 Stratoliner,s307,1938,N
Boeing T-7 Red Hawk,BT7,2016,
Boeing Vertol CH-46 Sea Knight,H46,1958,N
Boeing X-32,X32,2000,
Boeing-Stearman Kaydet,ST75,1936,N
Boisavia Mercurey,B60,1949,F
Bombardier BD-100 Challenger 300,CL30,2001,C
Bombardier BD-100 Challenger 350,CL35,2013,C
Bombardier BD-700 Global 5000,GL5T,2003,C
Bombardier BD-700 Global Express,GLEX,1996,C
Bombardier CRJ1000,CRJX,2009,C
Bombardier CRJ700,CRJ7,1999,C
Bombardier CRJ900,CRJ9,2001,C
Bombardier Global 7500,GL7T,2016,C
BOT SC07 Speed Cruiser,BISC,2009,D
Boulton Paul Balliol,bpba,1947,G
Boulton Paul Defiant,dfnt,1937,G
Boulton Paul P.71A,bp71,1934,G
Bowers Fly Baby,FB1A,1962,N
Bradley BA 100 Aerobat,BBAT,,N
Brantly 305,B305,1964,N
Brantly B-2,BRB2,1953,N
Brditschka HB-21,HB21,,OE
Brditschka HB-3,HB3,1971,
Breda Ba,ba65,1935,I
Breda-Zappata BZ.308,bz38,1948,I
Breezer Breezer,BREZ,1999,D
Bréguet 1050 Alizé,ALIZ,1956,F
Breguet 1150 Atlantic,ATLA,1961,F
Breguet 14,BR14,1916,F
Bréguet 19,br19,1922,F
Breguet 730,b730,1938,F
Breguet Br.763 Provence,prvc,1949,F
Brewster F2A Buffalo,f2a,1937,N
Bristell B23,B23,2019,OK
Bristol 175 Britannia,brtn,1952,G
Bristol Beaufighter,beau,1939,G
Bristol Beaufort,bfrt,1938,G
Bristol Blenheim,BLEN,1935,G
Bristol Bombay,bmby,1935,G
Bristol Bulldog,bldg,1927,G
Bristol F.2 Fighter,BFIT,1916,G
Bristol Freighter,B170,1945,G
Bristol Sycamore,SYCA,1947,G
British Aerospace ATP,ATP,1986,G
British Aerospace BAe-125-1000,H25C,,G
British Aerospace BAe-146-100,B461,1981,G
British Aerospace BAe-146-200,B462,1982,G
British Aerospace BAe-146-300,B463,1987,G
British Aerospace Jetstream 31,JS31,1980,G
British Aerospace Jetstream 32,JS32,1988,G
British Aerospace Jetstream 41,JS41,1991,G
Britten-Norman BN-2 Islander,BN2P,1965,G
Britten-Norman BN-2A Trislander,TRIS,1970,G
Britten-Norman BN-2T Turbine Islander,BN2T,,G
BRM Aero Bristell,NG5,2010,OK
BRM Aero Bristell B23,BR23,2019,OK
Brokaw Bullet,BULT,1972,N
Brumby 600,BR60,2005,VH
Brumby 610,BR61,2011,VH
Brügger MB-2 Colibri,mb2,1965,HB
Brändli BX-2 Cherry,BX2,1982,HB
Budd C-93 Conestoga,bc93,1943,N
Buethe Barracuda,BARC,1975,N
Buhl CA-3 Sport Airsedan,BCA3,1927,N
Bushby Midget Mustang,MIMU,1948,N
Bushby Mustang 2,MUS2,1966,N
BushCaddy L-162/L-164,CAD4,,C
BushCaddy R-80 / R-120,CAD2,,C
Bushmaster 2000,BU20,1964,N
Bücker Bü-131 Jungmann,BU31,1934,D
Bücker Bü-133 Jungmeister,BU33,1935,D
Bücker Bü-181 Bestmann,BU81,1939,D
Bye Aerospace eFlyer 2,EF2,2018,
Bölkow BO 209,B209,1967,D
CAB Minicab,GY20,1949,F
CAB Supercab,GY30,1954,
CAG Toxo,TOXO,1999,EC
Callair A-9,A9,1963,N
CallAir Model A,CLA,1940,N
Camair Twin Navion,TNAV,1953,N
CAMS 53,ca53,1928,F
Canadair Argonaut / North Star,argt,1946,C
Canadair CL-215,CL2P,1967,C
Canadair CL-415,CL2T,1993,C
Canadair CL-44,CL44,1959,C
Canadair CL-600 Challenger,CL60,1978,C
Canadair CP-107 Argus,args,1957,C
Canadair CT-114 Tutor,CL41,1960,C
Canadair Regional Jet CRJ-100,CRJ1,1991,C
Canadair Regional Jet CRJ-200,CRJ2,1995,C
Canadair Sabre,F86,1950,C
Canadair T-33,T33,1952,C
Canadian Home Rotors Baby Belle,BABY,,C
Canadian Ultralight Chinook,CHIN,1982,C
Cant Z.1007,z1k7,1937,I
CANT Z.506,z506,1935,I
Capella XLS,CAPL,,N
Caproni Ca,c100,1928,I
Caproni Ca.133,ca13,1934,I
Caproni Ca.48,ca48,1919,I
Caproni Ca.60 Noviplano,ca60,1921,I
Carlson Sparrow 2,SPR2,,N
Carstedt Jet Liner 600,cajl,1966,N
CASA C-101 Aviojet,C101,1977,EC
CASA C-207 Azor,azor,1955,EC
CASA C-295,C295,1997,EC
CASA/Nurtanio C-212 Aviocar,C212,1971,EC
CASA/Nurtanio CN.235,CN35,1983,EC
Cassutt Special,CASS,1954,N
Caudron C-270 Luciole,C270,1931,F
Celier Xenon,XNON,,SP
Centrair C101 Pegase,pegs,,F
Centrair C201 Marianne,marn,1985,F
Centre Est DR-221 Dauphin,DR22,,F
Centre Est DR-250 Capitaine,D250,,F
Centre Est DR-253 Regent,D253,,F
CERVA CE-43 Guépard,CE43,1971,F
Cessna 120,C120,,N
Cessna 140,C140,1945,N
Cessna 150,C150,1957,N
Cessna 152,C152,1976,N
Cessna 162 Skycatcher,C162,2006,N
Cessna 170,C170,1948,N
Cessna 172,C172,1955,N
Cessna 172RG Cutlass RG,C72R,,N
Cessna 175 Skylark,C175,1958,N
Cessna 177 Cardinal,C177,1967,N
Cessna 177RG Cardinal RG,C77R,,N
Cessna 180 Skywagon,C180,1952,N
Cessna 182 Skylane,C182,1956,N
Cessna 185 Skywagon,C185,1960,N
Cessna 188,C188,1965,N
Cessna 190,C190,,N
Cessna 195,C195,1945,N
Cessna 206,C206,,N
Cessna 206 (turbine),C06T,,N
Cessna 206 Turbo Stationair,T206,,N
Cessna 207,C207,,N
Cessna 207 Turbine,C07T,,N
Cessna 208 Caravan,C208,1982,N
Cessna 210 Centurion,C210,1957,N
Cessna 210-5 (205),C205,,N
Cessna 310,C310,1953,N
Cessna 320,C320,,N
Cessna 335,C335,,N
Cessna 336 Skymaster,C336,1961,N
Cessna 337 Super Skymaster,C337,,N
Cessna 340,C340,1970,N
Cessna 400,COL4,2004,N
Cessna 402,C402,1965,N
Cessna 404 Titan,C404,1975,N
Cessna 408 SkyCourier,C408,2020,
Cessna 411,C411,1962,N
Cessna 414,C414,1968,N
Cessna 421,C421,1965,N
Cessna 425 Corsair,C425,1978,N
Cessna 441 Conquest II,C441,1975,N
Cessna 500 Citation I,C500,1969,N
Cessna 501 Citation 1/SP,C501,,N
Cessna 510 Citation Mustang,C510,2005,N
Cessna 525 Citation M2,C25M,2012,N
Cessna 525A CitationJet CJ2,C25A,,N
Cessna 525B CitationJet CJ3,C25B,,N
Cessna 525C Citation CJ4,C25C,,N
Cessna 525 CitationJet,C525,1991,N
Cessna 526 CitationJet,C526,1993,
Cessna 550 Citation II / Bravo,C550,1995,N
Cessna 551 Citation,C551,,N
Cessna 560 Citation Excel,C56X,1996,N
Cessna 560 Citation V,C560,1987,N
Cessna 650 Citation III / VII,C650,1979,N
Cessna 680 Citation Sovereign,C680,2002,N
Cessna 680A Citation Latitude,C68A,2014,
Cessna 700 Citation Longitude,C700,2016,N
Cessna 750 Citation X,C750,1993,N
Cessna A-37 Dragonfly,A37,1964,N
Cessna Airmaster,CMAS,1935,N
Cessna Bobcat,T50,1939,N
Cessna DC-6,CDC6,1929,
Cessna F406 Caravan II,F406,,N
Cessna NGP,CNGP,2006,
Cessna O-1 Bird Dog,O1,1949,N
Cessna P210 (turbine),C10T,,
Cessna P210 Pressurized Centurion,P210,,N
Cessna P337 Pressurized Skymaster,P337,,N
Cessna R182 Skylane RG,C82R,,N
Cessna T-37 Tweet,T37,1954,N
Cessna T303 Crusader,C303,1978,N
Cessna TTx T240,C240,,N
Chaika L-42,L4,,RA
Champion Lancer,CH40,1961,
Chance Vought F7U Cutlass,f7u,,N
Chance Vought F8 Crusader,F8,,N
Changhe WZ-10,WZ10,,B
Changhe Z-8,FREL,,B
Chase YC-122 Avitruc,c122,1947,N
Chasle Sprintair,LMC1,,
Chasle Tourbillon,YC12,1965,
Chayair Sycamore,CHSY,,ZS
Chengdu J-10,J10,1998,B
Chengdu J-20,J20,2011,
Chengdu JF-17 Thunder,FC1,,B
Chernov Che-22 Korvet,CE22,,RA
Chernov Che-23,CE23,,RA
Chernov Che-25,CE25,1995,
Chernov Che-27,CE27,,RA
Chrislea CH-3 Skyjeep,CH3,,G
Christavia Mk I,CHR1,1982,C
Christavia Mk IV,CHR4,,C
CIAC T-90 Calima,SNGY,,HK
Cicaré CH-12,CH12,,LV
Cirrus SR-20,SR20,1995,N
Cirrus SR-22,SR22,,N
Cirrus SR22T,S22T,2010,N
Cirrus Vision SF50,SF50,2008,N
Cirrus VK-30 Cirrus,VK3P,1988,N
Cobalt Co50 Valkyrie,CO50,2015,N
Colomban Cri-Cri,MC10,1973,F
Colonial Skimmer,SKIM,1948,N
Colyaer Freedom S100,CFRE,,EC
Colyaer Freedom S100,CG3,,EC
Colyaer Martin 3,CMA3,,EC
Comac ARJ21,AJ27,2008,
Comac C919,C919,2017,
Comco Ikarus C42,C42,1996,D
Commonwealth 185 Skyranger,SKYR,1940,VH
Commonwealth Boomerang,CA19,1942,VH
Commonwealth CA-25 Winjeel,CA25,1955,VH
Commonwealth Wirraway,WIRR,1937,VH
Comp Air 10XL,CA1T,,N
Comp Air 4,CA4,1995,N
Comp Air 6,CA6,,N
Comp Air 7,CA7P,,N
Comp Air 7SLX,CA7T,,N
Comp Air 8,CA8,,N
Comp Air 9,CA9,,N
Consolidated 16 Commodore,cp16,1929,N
Consolidated B-24 Liberator / C-87,B24,1939,N
Consolidated P-30 / PB-2,p30,1934,N
Consolidated PB4Y-2 Privateer,P4Y,1943,N
Consolidated PBY Catalina,CAT,1941,N
Consolidated PT-1 Trusty,pt1,,N
Consolidated PT-3,pt3,,N
Continental Copters El Tomcat,ELTO,1959,N
Convair B-36 Peacemaker,b36,1946,N
Convair B-58 Hustler,hust,1956,N
Convair CV-240,cv24,1947,
Convair CV-240/340/440,CVLP,1951,N
Convair CV-580/600/640,CVLT,1954,N
Convair CV-880,cv88,1959,N
Convair CV-990,CV99,1961,N
Convair Delta F-102 Dagger,f102,1953,N
Convair F-106 Delta Dart,F106,1956,N
Corben Junior Ace,JACE,,N
Corby Starlet,CJ1,1973,VH
Corvus Phantom,CORO,2006,N
Croses EC-6 Criquet,EC6,1965,F
Cub Crafters CC19,CC19,,N
Culver Cadet,CUCA,1939,N
Culver V,CULV,1946,N
Curtiss A-12 Shrike,a12,1933,N
Curtiss C-46,C46,1940,N
Curtiss Condor 18,co18,1929,N
Curtiss Falcon,a3fl,,N
Curtiss Hawk III,bf2c,1932,N
Curtiss HS,cuhs,1917,N
Curtiss JN-4,jn4,,N
Curtiss O-52 Owl,o52,1940,N
Curtiss P-1 Hawk,p1hw,1923,N
Curtiss P-36 Hawk,p36,1935,N
Curtiss P-40 Warhawk,P40,1938,N
Curtiss P-6 Hawk,cup6,1927,N
Curtiss Robin,CRBN,1928,N
Curtiss SB2C Helldiver,sb2c,1940,N
Curtiss SO3C-2 Seagull,so3c,1939,N
Curtiss T-32 Condor,cu32,1933,N
Curtiss-Wright AT-9 Jeep,at9,1941,N
Cvjetkovic CA-65 Skyfly,CA65,1965,N
CZAW Mermaid,MRMD,,OK
CZAW SportCruiser,CRUZ,2006,OK
D'Apuzzo Senior Aero Sport,SRAS,1962,
Dallach Evolution D5,DAL5,,D
Dassault Étendard IV,ETAR,1958,F
Dassault Falcon 10/20,FA10,1970,F
Dassault Falcon 20,FA20,1963,F
Dassault Falcon 2000,F2TH,1993,F
Dassault Falcon 50,FA50,1976,F
Dassault Falcon 7X,FA7X,2005,F
Dassault Falcon 8X,FA8X,2015,F
Dassault Falcon 900,F900,1984,F
Dassault Flamant,FLAM,1946,F
Dassault Mirage 2000,MIR2,1978,F
Dassault Mirage 5,MIRA,1967,F
Dassault Mirage F1,MRF1,1966,F
Dassault Mystère IV,MYS4,1952,F
Dassault Ouragan,oura,1949,F
Dassault Rafale,RFAL,1986,F
Dassault Super Mystère B2,SMB2,1955,F
Dassault/Dornier Alpha Jet,AJET,1973,F
Davies Thunderbird,dath,,ZS
Davis DA-2,DA2,1966,N
Davis DA-5,DA5,1974,
de Havilland Australia DHA-3 Drover,DHA3,1948,VH
de Havilland Canada DHC-1 Chipmunk,DHC1,1946,C
de Havilland Canada DHC-2 Beaver,DHC2,1947,C
de Havilland Canada DHC-2T Turbo Beaver,DH2T,,C
de Havilland Canada DHC-3 Otter,DHC3,1951,C
de Havilland Canada DHC-3T Turbine Otter,DH3T,1984,C
de Havilland Canada DHC-4 Caribou,DHC4,1958,C
de Havilland Canada DHC-4 Turbo Caribou,DH4T,,
de Havilland Canada DHC-5 Buffalo,DHC5,1964,C
de Havilland Canada DHC-6 Twin Otter,DHC6,1965,C
de Havilland Canada DHC-7,DHC7,1975,C
de Havilland Canada DHC-8-100,DH8A,1983,C
de Havilland Canada DHC-8-200,DH8B,,C
de Havilland Canada DHC-8-300,DH8C,1987,C
de Havilland Canada DHC-8-400,DH8D,1998,C
"de Havilland DH,60 Moth",DH60,1925,G
de Havilland DH-103 Hornet,d103,1944,G
de Havilland DH-104 Dove,DOVE,1945,G
de Havilland DH-106 Comet,COMT,1949,G
de Havilland DH-110 Sea Vixen,svix,1951,G
de Havilland DH-114 Heron,HERN,1950,G
de Havilland DH-50,dh50,1923,G
de Havilland DH-61 Giant Moth,dh61,1927,G
de Havilland DH-66 Hercules,dh66,1926,G
de Havilland DH-80 Puss Moth,DH80,1929,G
de Havilland DH-82 Tiger Moth,DH82,1931,G
de Havilland DH-83 Fox Moth,DH83,1932,G
de Havilland DH-84 Dragon,DH84,1932,G
de Havilland DH-85 Leopard Moth,DH85,1933,G
de Havilland DH-86 Express,dh86,1934,G
de Havilland DH-87 Hornet Moth,DH87,1934,G
de Havilland DH-88 Comet,DH88,1934,G
de Havilland DH-89 Dragon Rapide,DH89,1934,G
de Havilland DH-90 Dragonfly,DH90,1935,G
de Havilland DH-91 Albatross,dh91,1937,G
de Havilland DH-94 Moth Minor,DH94,1937,G
de Havilland DH-95 Flamingo,dh95,1938,G
de Havilland DH-98 Mosquito,MOSQ,1940,G
de Havilland DH.112 Venom,VNOM,1949,G
de Havilland Vampire,VAMP,1943,G
Denel Rooivalk,RVAL,1990,ZS
Denney Kitfox,FOX,1984,N
Dewoitine D-27,DWD2,1928,F
Dewoitine D.338,d338,1935,F
DFW C,dfwc,1915,D
DG Flugzeugbau DG-1000M,DG1T,,D
DG Flugzeugbau DG-800,DG80,1993,D
Diamond D-Jet,DJET,2006,
Diamond DA-40 Diamond Star,DA40,1997,OE
Diamond DA-42 Twin Star,DA42,2002,OE
Diamond DA-50,DA50,2007,OE
Diamond DA20,DV20,1991,OE
Diamond DA62,DA62,2012,OE
Diamond DART,DT45,,OE
Dinfia IA-46 Super Ranquel,IA46,1957,LV
Direct Fly Alto,ALTO,,OK
DJI Inspire,djii,,B
DJI Matrice,djim,,B
DJI Mavic,djiv,,B
DJI Phantom,djip,,B
Dorna D-139 Blue Bird,D139,1998,EP
Dornier 228,D228,1981,D
Dornier 328,D328,1991,D
Dornier 328JET,J328,1998,D
Dornier Do 17,do17,1934,D
Dornier Do 215,d215,1938,D
Dornier Do 217,d217,1938,D
Dornier Do 24,do24,1937,D
Dornier Do R Superwal,dor,1926,D
Dornier Do-128-6 Turbo Skyservant,D28T,1980,D
Dornier Do-27,DO27,1955,D
Dornier Do-28,DO28,1966,D
Dornier Do-28D Skyservant,D28D,1966,D
Dornier Seastar,CD2,1984,D
Douglas A-1 Skyraider,A1,1945,N
Douglas A-20 Havoc,A20,1939,N
Douglas A-26 Invader,B26,1942,N
Douglas A-3 Skywarrior,A3,1952,N
Douglas A-4 Skyhawk,A4,1954,N
Douglas B-18 Bolo,b18,1935,N
Douglas B-23 Dragon,b23d,1939,N
Douglas B-66 Destroyer,b66,1954,N
Douglas C-124 Globemaster,c124,1949,N
Douglas C-133 Cargomaster,C133,1956,N
Douglas C-74 Globemaster I,c74,1945,N
Douglas DC-1,dc1,1933,N
Douglas DC-2,DC2,1934,N
Douglas DC-3,DC3,1935,N
Douglas DC-4,DC4,1938,N
Douglas DC-5,dc5,1939,N
Douglas DC-6,DC6,1946,N
Douglas DC-7,DC7,1953,N
Douglas DC-8-10,DC81,,N
Douglas DC-8-20,DC82,,N
Douglas DC-8-30,DC83,,N
Douglas DC-8-40,DC84,,N
Douglas DC-8-50,DC85,,N
Douglas F3D Skyknight,f3d,1948,N
Douglas F4D Skyray,f4d,1951,N
Douglas O-2,bt2,1924,N
Douglas O-38,O38,,N
Douglas O-46,O46,1935,N
Douglas R4D-8,DC3S,1949,N
Douglas SBD Dauntless,SBD,1940,N
Douglas TBD-1 Devastator,tbd1,1935,N
Dova DV-1 Skylark,DV1,,OK
Dream Tundra,TNDR,2001,
Druine Condor,D6CR,1950,F
Druine Turbi,D5TU,1953,F
Druine Turbulent,D31,1951,F
DTA J-RO,jro,,F
Duruble Edelweiss,RD03,1962,
Dyke JD-2 Delta,JD2,1966,
Dyn'Aero CR-100,CR10,1992,F
Dyn'Aero MCR-01,MCR1,1996,F
Dyn'Aero MCR-4,MCR4,2000,F
Dynali H-2,DYH2,,OO
Dynali H-3 EasyFlyer,DYH3,,OO
E.K.W. C-3603,C365,1939,HB
EAA Biplane,BIPL,1960,N
Eagle Aircraft Eagle 150,EAGX,1997,VH
Eagle DW-1 Eagle,DW1,,N
Eclipse 500,EA50,2002,N
Edgley Optica,OPCA,1979,G
EDRA Super Petrel,PETR,,PP
EHI EH-101,EH10,,I
Eiri PIK-20,pik2,,OH
Eiri PIK-20E,PK20,,OH
Ekolot JK-05 Junior,JK05,,SP
Ekolot KR-030 Topaz,KR30,,SP
EKW C-35,ek35,1930,HB
ELA Aviacion ELA-08,ELA7,,EC
ELA Aviacion ELA-10 Eclipse,EL10,,EC
Elbit Hermes 900,HRM9,2009,4X
Elitar IE-202,EL20,,RA
Elitar Sigma,SIGM,,RA
Elixir Aircraft Elixir,LXR,2017,F
Ellison-Mahon Gweduck,GDUK,2009,
Emair MA-1 Paymaster,MA1,1969,N
Embraer A-29,E314,1999,PP
Embraer C-390 Millennium,E390,2015,
Embraer E175-E2,E275,,
Embraer E190-E2,E290,2016,PP
Embraer E195-E2,E295,2017,PP
Embraer EMB-110 Bandeirante,E110,1968,PP
Embraer EMB-120 Brasilia,E120,1983,PP
Embraer EMB-121 Xingu,E121,1976,PP
Embraer EMB-135/140,E135,1998,PP
Embraer EMB-145,E145,1995,PP
Embraer EMB-145XR,E45X,,PP
Embraer EMB-500 Phenom 100,E50P,2007,PP
Embraer EMB-505 Phenom 300,E55P,2008,PP
Embraer EMB-545 Legacy 450,E545,2013,PP
Embraer EMB-550 Legacy 500,E550,2012,PP
Embraer EMB-711,P28R,,N
Embraer EMB-711ST,P28T,,N
Embraer EMB-720,PA32,,N
Embraer EMB-721,P32R,,N
Embraer EMB-810,PA34,,N
Embraer EMB-820C,PA31,,N
Embraer ERJ-170,E170,2002,PP
Embraer ERJ-190,E190,2004,PP
Embraer ERJ-195,E195,,PP
Embraer Ipanema,IPAN,1970,PP
Embraer KC-390,KC39,2015,PP
Enaer T-35A Pillán,PILL,1981,CC
English Electric Canberra,CNBR,1949,G
English Electric Lightning,LTNG,1954,G
Enstrom 480,EN48,1989,N
Enstrom F-28,EN28,1965,N
Epic LT,EPIC,2004,N
ERCO Ercoupe,ERCO,1937,N
Eurocopter AS 350 Ecureuil,AS50,,F
Eurocopter AS 365 Dauphin,AS65,1975,F
Eurocopter EC-120 Colibri,EC20,1995,EU
Eurocopter EC-130,EC30,1999,EU
Eurocopter EC-135,EC35,1994,EU
Eurocopter EC-145,EC45,2006,EU
Eurocopter EC-155,EC55,1997,EU
Eurocopter EC-175,EC75,2009,EU
Eurocopter EC-725 Caracal,EC25,2000,EU
Eurocopter Tiger,TIGR,1991,EU
Eurofighter Typhoon,EUFI,1994,EU
Europa Europa,EUPA,,G
Evangel 4500,EVAN,1964,N
Evans Volksplane,VP2,,N
Evektor EV-55 Outback,EV55,2011,
Evektor EV-97 EuroStar,EV97,,OK
Evektor EV-97 Harmony,HMNY,,
Evektor SportStar,EVSS,,OK
Evektor VUT-100 Cobra,VUT1,2004,OK
Excel-Jet Sport-Jet,SJET,2006,N
Extra EA-200,E200,1996,D
Extra EA-230,E230,1983,D
Extra EA-300,E300,1988,D
Extra EA-400,E400,1996,D
Extra EA-500,E500,2002,D
Extra NG,EXNG,,D
Fairchild 24 Argus,FA24,1932,N
Fairchild 71,fa71,1926,N
Fairchild C-119 Flying Boxcar,C119,1947,N
Fairchild C-123 Provider,C123,1949,N
Fairchild C-82 Packet,C82,1944,N
Fairchild FC-2,fc2,1926,N
Fairchild Hiller FH-1100,FH11,1963,N
Fairchild KR-21,KR34,1928,N
Fairchild PT-19 / 23 / 26,FA62,1939,N
Fairchild-Republic A-10 Thunderbolt II,A10,1972,N
Fairey Battle,bttl,1936,G
Fairey Firefly,FFLY,1941,G
Fairey Gannet,GANT,1949,G
Fairey Gordon,grdn,1931,G
Fairey III,fiii,1917,G
Fairey Swordfish,SWOR,1934,G
Fajr F-3,FJR3,1995,EP
Falconar AMF-S14 Maranda,RA14,1961,C
Fama K-209 KISS,K209,,I
Fantasy Air Allegro,ALGR,1995,OK
Farman F-40,f40,,F
Farman F.180,f180,1927,F
Farman F.220,f220,1932,F
Farman F.60 Goliath,glth,1919,F
Farman Shorthorn,shoo,1913,F
Faucett F-19,f19,1934,OB
FD-Composites ArrowCopter,AC10,2008,OE
Felixstowe F,fef5,1917,G
Felixstowe Fury,fefr,1918,G
FFA AS.202,AS02,1969,HB
FFVS J 22,ff22,1942,SE
Fiat CR.32,cr32,1933,I
Fiat CR.42,cr42,1938,I
Fiat G-46,G46,1947,I
Fiat G-55,g55,1942,I
Fiat G-59,G59,,I
Fiat G.12,g12,1940,I
Fiat G.18,g18,1935,I
Fiat G.212,g212,1947,I
Fiat G.91,g91,1956,I
Fieseler Fi 156 Storch,F156,1936,D
Fighter Escort Wings P-51,FE51,,N
Firefly Balloon,BALL,,N
Fisher Celebrity,CLBR,1989,C
Fisher Dakota Hawk,DAKH,1993,C
Fisher Horizon,HORZ,1990,C
Fisher R-80 Tiger Moth,TMOT,,C
Flaglor Scooter,SCTR,1967,N
Fleet 2,FLE2,,C
Fleet 60 Fort,FORT,1940,C
Fleet 80 Canuck,CNUK,1945,C
Fleet Fawn,FLE7,1930,C
Fleet Finch,FINC,1939,C
Fletcher FU-24,FU24,1954,ZK
Flight Design CT,FDCT,1996,D
Flight Design MC,FDMC,2008,D
Flightstar Flightstar II,fsii,,N
Flitzer Z-1 Flitzer,FLIZ,,G
Fly Synthesis Catalina,CTLN,,I
Fly Synthesis Storch,STCH,,I
Fly Synthesis Texan,TEXA,,I
Fly Synthesis Wallaby,WLBY,,
Flying Machines FM-250 Vampire,FM25,,OK
Flyitalia MD-3 Rider,MD3R,,I
Flylab Tucano,tucn,,I
Flywhale Aircraft Flywhale,FW02,,D
Fläming Air FA-01 Smaragd,FA01,,D
Fläming Air FA-04 Peregrine,FA04,,D
FMA 20 El Boyero,EBOY,1940,LV
FMA I.Ae.24 Calquín,calq,1946,LV
FMA IA 50 Guaraní II,IA50,1963,LV
FMA IA 63 Pampa,IA63,1984,LV
FMA IA-58 Pucará,IA58,1969,LV
FMP Qualt 201,QALT,,OK
Focke-Wulf Fw 190,fw19,1939,D
Focke-Wulf Fw-44 Stieglitz,FW44,1932,D
Focke-Wulf FW.200 Condor,fw2h,1937,D
Fokker 100,F100,1986,PH
Fokker 50,F50,1985,PH
Fokker 70,F70,1993,PH
Fokker C-IV,fciv,1923,PH
Fokker C-Vd/e,focv,,PH
Fokker C.I,foci,1918,PH
Fokker C.X,focx,1933,PH
Fokker C.XIV,cxiv,1937,PH
Fokker D.17,d17,1931,PH
Fokker D.VII,D7,1918,PH
Fokker D.XXI,D21,1936,PH
Fokker Dr.1,DR1,1917,PH
Fokker F-27 Friendship,F27,1955,PH
Fokker F-28 Fellowship,F28,1967,PH
Fokker F.10,f10,19..,N
Fokker F.32,f32,1929,N
Fokker F.III,fof3,1921,PH
Fokker F.IX,fix,1929,PH
Fokker F.VII,fo7,,PH
Fokker F.VIIb,fo7b,,PH
Fokker F.VIII,fof8,1927,PH
Fokker F.XII,f12,1931,PH
Fokker F.XII,f7,1930,
Fokker F.XVIII,fo18,1932,PH
Fokker F.XX,f20,1933,PH
Fokker F.XXII,fo22,1935,PH
Fokker F.XXXVI,f36,1934,PH
Fokker G.1,fog1,1937,PH
Fokker S-11 Instructor,S11,1947,PH
Fokker S.IV,foc4,1924,PH
Fokker S.IX,fos9,1937,PH
Fokker Super Universal,SUNV,1928,PH
Fokker T.5,fot5,1937,PH
Fokker Universal,foun,,N
Folland Gnat,GNAT,1955,G
Ford Tri-Motor,TRIM,1926,N
Fouga Magister,FOUG,,F
Found FBA-2,FBA2,1960,C
Four Winds FX-210,FW21,,N
Fournier RF-10,RF10,1981,F
Fournier RF-3,RF3,1963,F
Fournier RF-4,RF4,1966,F
Fournier RF-47,RF47,1993,F
Fournier RF-5,RF5,1968,F
Fournier RF-6,RF6,,G
Fournier RF-9,RF9,1977,
Foxcon Terrier,TERR,,VH
Fuji FA-200 Aero Subaru,SUBA,1965,JA
Fuji LM-1 Nikko,KM2,1955,JA
Fuji T-1,T1,1958,JA
Fuji T-5,T5,1984,JA
Fuji T-7,T7,2002,
Funk B,FNKB,1933,N
G1 Aviation G-1,G1,,F
GAF Nomad,NOMA,1971,VH
GAL Monospar ST,st25,1935,G
Game Composites GameBird,GB1,2015,G
Gavilan 358,GAVI,1990,HK
General Aircraft Hamilcar,hami,1942,N
General Atomics MQ-1 Predator,Q1,1994,N
General Atomics MQ-9 Reaper,Q9,2001,N
General Avia F-22 Pinguino,PINO,,I
General Dynamics F-111 Aardvark,F111,1964,N
General Dynamics F-16 Fighting Falcon,F16,1974,N
Gippsaero GA-10,GA10,2012,VH
Gippsland GA-200 Fatman,GA20,1990,VH
Gippsland GA-8 Airvan,GA8,1995,VH
Glasair Sportsman 2+2,GLST,,N
Glaser-Dirks DG-100,dg10,1974,D
Glaser-Dirks DG-200,dg20,1977,D
Glaser-Dirks DG-300,dg30,1983,D
Glaser-Dirks DG-400,DG40,1981,D
Glaser-Dirks DG-500,dg5h,,D
Glaser-Dirks DG-500M,DG50,,D
Glaser-Dirks DG-600,dg6h,,D
Glaser-Dirks DG-600M,DG60,,D
Glasflügel 206 Hornet,h206,1974,D
Glasflügel 304,h304,1980,D
Glasflügel H-201 Standard Libelle,h201,1967,D
Glasflügel H-205 Club Libelle,h205,1975,D
Glasflügel H-301 Libelle,h301,,D
Glasflügel H-303 Mosquito,h303,1976,D
Glasflügel H-401 Kestrel,h401,1968,D
Globe GC-1 Swift,GC1,1942,N
Gloster Gauntlet,GAUN,1933,G
Gloster Gladiator,GLAD,1934,G
Gloster Grebe,greb,1923,G
Gloster Javelin,jave,1951,G
Gloster Meteor,METR,1943,G
Gotha Go 145,g145,1934,D
Great Lakes Sport Trainer,G2T1,1929,N
Griffon Lionheart,LION,1997,
Grinvalds Orion,G800,1981,F
Grob G-109,G109,,D
Grob G-115,G115,1985,D
Grob G-120,G120,1999,D
Grob G-120TP,G12T,2010,D
Grob G-520 Strato 1,EGRT,1995,D
Grob G102 Astir,g102,1974,D
Grob G103 Twin Astir,gr13,1976,D
Grob G103 Twin III,g13c,,D
Grob G103A,g13a,,D
Grob G103C Twin III SL,G103,,D
Grob G104 Speed Astir,g104,1978,D
Grob SPn,GSPN,2005,D
Grob Strato 2C,G850,1995,
Groppo G-70,G70,,I
Groppo Trail,TRAL,2009,I
Grosso Easy Eagle,EAEA,,
Grumman A-6 Intruder,A6,1960,N
Grumman AF-2 Guardian,guar,1945,N
Grumman American AA-1,AA1,1963,N
Grumman American AA-5 Tiger,AA5,1970,N
Grumman American G-1159 Gulfstream 2,GLF2,,N
Grumman American G-164 Turbo Ag-Cat,G64T,,N
Grumman C-1 Trader,G96,1955,N
Grumman C-2 Greyhound,C2,1964,N
Grumman F-14 Tomcat,F14,1970,N
Grumman F11F Tiger,f11f,1956,N
Grumman F2F,f2f,1933,N
Grumman F4F Wildcat,WCAT,1937,N
Grumman F6F Hellcat,HCAT,1942,N
Grumman F7F Tigercat,TCAT,1943,N
Grumman F8F Bearcat,BCAT,1944,N
Grumman F9F Panther,F9F,1947,N
Grumman G-111 Albatross,U16,1946,N
Grumman G-159 Gulfstream I,G159,1958,N
Grumman G-164 Ag-Cat,G164,1957,N
Grumman G-21 Goose,G21,1937,N
Grumman G-44 Widgeon,G44,1940,N
Grumman G-73 Mallard,G73,1946,N
Grumman G-73T Turbo Mallard,G73T,1969,N
Grumman OV-1 Mohawk,V1,1959,N
Grumman S-2 Tracker,S2P,1952,N
Grumman S-2 Turbo Tracker,S2T,,N
Grumman TBM Avenger,TBM,1941,N
Grumman X-29,X29,1984,
Grunau Baby,grbb,,D
Guimbal Cabri,G2CA,2005,F
Guizhou JL-9,JL9,2003,B
Gulfstream American GA-7 Cougar,GA7,1974,N
Gulfstream G150,G150,,N
Gulfstream G200,GALX,1997,N
Gulfstream G250,G250,,
Gulfstream G280,G280,2009,N
Gulfstream G400,GA4C,2023,
Gulfstream G500,GA5C,2015,N
Gulfstream G550,GLF5,2004,N
Gulfstream G600,GA6C,2016,
Gulfstream G650,GLF6,2009,
Gulfstream G650,G650,2009,N
Gulfstream G700,GA7C,2020,
Gulfstream G800,GA8C,2022,
Gulfstream GIV,GLF4,1985,N
Gulfstream III,GLF3,1979,N
Gyroflug Speed Canard,SC01,1980,D
HAL Dhruv,ALH,1992,VT
HAL HF-24 Marut,hf24,1961,VT
HAL Tejas,LCA,2001,VT
Halberstadt C,halc,1917,D
Halley Apollo Gyro,AG1,,HA
Handley Page Halifax,hlfx,1939,G
Handley Page Hampden,hmpd,1936,G
Handley Page Harrow,harr,1936,G
Handley Page Hastings,hphs,1946,G
Handley Page Hermes,hphm,1945,G
Handley Page HP-137 Jetstream,hpjs,1967,
Handley Page HP.42,hph4,1930,G
Handley Page HPR.7 Herald,HPR7,1955,G
Handley Page Jetstream 1,JS1,1967,G
Handley Page Jetstream 200,JS20,,G
Handley Page Type O,hpto,1915,G
Handley Page Type W,hptw,1919,G
Handley Page Victor,hpvi,1952,G
Hannover C,hanc,,D
Hapi Cygnet,SF2,1973,N
Harbin SH-5,SH5,1976,
Harbin Y-11,Y11,1975,B
Harbin Y-12,Y12,1984,B
Harmon Rocket,HROC,,N
Hatz CB-1,CB1,1968,N
Hawker 4000 Horizon,HA4T,2005,N
Hawker Audax,audx,1931,G
Hawker Cygnet,CYGT,1924,G
Hawker Demon,demn,1933,G
Hawker Fury,hafu,1931,G
Hawker Hardy,hard,1934,G
Hawker Hart,hart,1928,G
Hawker Henley,henl,1937,G
Hawker Hind,HIND,1934,G
Hawker Hunter,HUNT,1951,G
Hawker Hurricane,HURI,1935,G
Hawker Nimrod,hani,1931,G
Hawker Sea Fury,FURY,1944,G
Hawker Sea Hawk,SHAW,1947,G
Hawker Siddeley Harrier,HAR,1967,G
Hawker Siddeley HS-121 Trident,TRID,1962,G
Hawker Siddeley HS-125-600,H25A,,G
Hawker Siddeley HS-125-700 / -800,H25B,,G
Hawker Siddeley HS-748 / HAL-748,A748,1960,G
Hawker Siddeley HS-801 Nimrod,NIM,1967,G
Hawker Tempest,tpst,1942,G
Hawker Typhoon,typh,1940,G
HB-Aircraft HB-202 Fledger,H202,,
HB-Aircraft HB-23 Scanliner,HB23,,OE
HB-Flugtechnik HB-207 Alfa,H207,1995,OE
Heinkel He 111,H111,1935,D
Heinkel He 219,h219,1942,D
Heinkel He-115,h115,1937,D
Heinkel He-51,he51,1933,D
Heinkel He-70,he70,1932,D
Heli-Sport CH-7 Kompress,CH7,,I
Helio Courier,COUR,1949,N
Helio Stallion,STLN,1964,N
Helio Twin Courier,TCOU,1960,
Helowerks Wasp,HX2,,N
Henry Farman HF,he20,1913,F
Henschel Hs 126,h126,1936,D
Hillberg EH1-01 RotorMouse,RMOU,1993,
Hiller UH-12/H-23 Raven,UH12,1948,N
Hiller UH-12T,H12T,,N
Hindustan HJT-16 Kiran,HT16,1964,VT
Hindustan HPT-32 Deepak,HT32,1977,VT
Hirth Acrostar,HI27,1970,
Hispano HA-200 Saeta,SATA,1955,EC
Hoffmann H-36 Dimona,DIMO,1980,OE
Honda HA-420 HondaJet,HDJT,2003,JA
Hongdu JL-10,L15,2006,B
Hongdu JL-8,K8,1990,B
Hongdu N-5,N5,1989,B
Howard 350,howd,1962,N
Howard DGA-15,DG15,,N
Hughes 269,H269,1956,N
Hughes 500 / OH-6,H500,1963,N
Humbert Moto du Ciel,MOTO,,F
Humbert Tétras,TTRS,,F
Hummel Hummel Bird,HUML,,N
Hurel-Dubois HD,HD34,1953,F
Häfeli DH-3,hdh3,,HB
I.Ae.22,ia22,1944,LV
IAI 1123 Westwind,WW23,,4X
IAI 1124 Westwind,WW24,1963,4X
IAI 1125 Astra,ASTR,1984,4X
IAI Arava,ARVA,1969,4X
IAI Heron,HRON,1994,4X
IAI Kfir,KFIR,1973,4X
Ibis GS-501 Urraco,URRA,,HK
Ibis GS-700 Magic,MAGC,,HK
ICA IS-28,i28b,1970,YR
ICA IS-28M2,IS28,,YR
ICA IS-29,is29,1970,YR
Icon A5,A5,,N
ICP Amigo,MX65,,I
ICP Savannah,SVNH,,I
ICP Ventura,VNTR,,I
ICP Vimana,SA2,2006,I
Ikar Ai-10 Ikar,AI10,1999,
Ilyushin DB-3,db3,1935,RA
Ilyushin Il-10,il10,,RA
Ilyushin Il-103,I103,1994,
Ilyushin Il-112,i112,2019,RA
Ilyushin Il-114,I114,1990,RA
Ilyushin Il-12,il12,1945,RA
Ilyushin Il-14,IL14,1950,RA
Ilyushin Il-18,IL18,1957,RA
Ilyushin Il-2,il2,1939,RA
Ilyushin Il-28,IL28,1948,RA
Ilyushin Il-38,IL38,1961,RA
Ilyushin Il-4,il4,1936,RA
Ilyushin Il-62,IL62,1963,RA
Ilyushin Il-76,IL76,1971,RA
Ilyushin Il-86,IL86,1976,RA
Ilyushin Il-96,IL96,1988,RA
Imco Callair B-1,CLB1,,N
Impulse Impulse,IMPU,,D
Inpaer Conquest,INCQ,,PP
Inpaer Excel,INEC,,PP
Inpaer Explorer,INEX,,PP
Interavia I-3,I3,,RA
Interplane Skyboy,SBOY,1992,OK
Interstate Cadet,S1,1940,N
Irkut MC-21,MC23,2017,RA
Isaacs Fury,IFUR,1963,G
Isaacs Spitfire,ISPT,1975,
Issoire APM-20 Lionceau,APM2,1995,F
Issoire APM-30 Lion,APM3,2005,F
Jabiru J160,JAB2,,VH
Jabiru J230,JAB4,,VH
Jabiru SK,JABI,,VH
Javelin Wichawk,WICH,1971,N
Jihlavan Skyleader 600,KP5,,OK
Jihlavan Skyleader 600,J600,2010,OK
Jodel D-11,D11,,F
Jodel D-140 Mousquetaire,D140,,F
Jodel D-150 Mascaret,D150,,F
Jodel D-20,D18,,F
Jodel D-9,d9,,F
Johnson Rocket 185,R185,1945,N
Jonker JS-1,jjs1,,ZS
Jonker JS-1C TJ Revelation,JS1J,,
Jonker JS-1TJ Revelation,TS1J,,
Junkers F.24,jf24,1928,
Junkers F13,f13,1919,D
Junkers G.24,jg24,1924,D
Junkers G.31,jg31,1926,D
Junkers G.38,jg38,1929,D
Junkers Ju 87,ju87,1935,D
Junkers Ju 88,ju88,1936,D
Junkers Ju-252,j252,1942,D
Junkers Ju-352 Herkules,j352,1943,D
Junkers Ju-52/3m,JU52,1932,D
Junkers Ju-86,ju86,1934,D
Junkers Ju-90,ju90,1937,D
Junkers W,ju34,,D
Junqua Ibis,RJ03,1991,F
Jurca 1-Nine-0,MJ8,1975,F
Jurca MJ-2 Tempête,MJ2,1956,F
Jurca MJ-55 Biso,MJ55,,F
Jurca MJ-7 Gnatsum,MJ7,,F
Jurca MJ-77 Gnatsum,MJ77,,F
Jurca Sirocco,MJ5,1962,F
Jurca Spit,MJ10,1982,F
Just Escapade,ESCP,,N
Just Highlander,HIGH,,N
Just JA30 SuperSTOL,SSTL,,N
Just SuperSTOL,jusu,,N
K & S SA-102,SA02,,C
K & S SA-105 Super Cavalier,SA05,,
Kalinin K-7,kln7,1933,UR
Kaman HH-43 Huskie,H43A,1953,N
Kaman K-600 Huskie,H43B,,N
Kaman K-MAX,KMAX,1991,N
Kaman SH-2 Seasprite,H2,1959,N
Kaminskas Jungster 1,JUN1,,N
Kamov Ka-126,K126,1988,
Kamov Ka-226 Sergei,K226,1997,RA
Kamov Ka-25,KA25,1963,RA
Kamov Ka-26,KA26,1965,RA
Kamov Ka-27,KA27,1987,RA
Kamov Ka-52 Alligator,KA52,1997,RA
Kamov Ka-60 Kasatka,KA62,1998,RA
Kappa 77 KP 2U-SOVA,KP2,,OK
Kawasaki C-1,C1,1970,JA
Kawasaki C-2,KC2,2010,JA
Kawasaki KH-4,KH4,1962,
Kawasaki Ki-56,kwk6,1940,JA
Kawasaki OH-1,OH1,1996,JA
Kawasaki P-1,P1,2007,JA
Kawasaki T-4,T4,1985,JA
Kazan Ansat,ANST,1999,RA
Kestrel Hawk,KEHA,,
Keystone B-6,keb6,,N
Khrunichev T-411 Aist,T411,1993,
Killingsworth DSK-1 Hawk,DSK,1973,N
Kimball McCullocoupe,MCUL,2004,
Kitplanes For Africa Bushbaby,KFAB,,ZS
Kitplanes For Africa Safari,KFAS,,ZS
Klemm Kl-107,KL07,,D
Klemm Kl-35,KL35,1935,D
Klemm L-25,KL25,1928,D
Kolb Firestar,kofs,1985,N
Kolb Flyer SS,FLSS,,N
Kolb Twinstar Mark III,kiii,,N
Koolhoven FK-46,fk46,1933,PH
Koolhoven FK-51,fk51,1935,PH
Koolhoven FK-56,fk56,1938,PH
Korea Aerospace KT-1 Woong-Bee,KT1,1991,HL
Korea Aerospace Surion,SURN,2010,HL
Korea Aerospace T-50 Golden Eagle,K50,2002,HL
Laird LC-1B Commercial,KR31,,N
LAK-17 FES,LK7E,,LY
LAK-17AT,LK17,,LY
Lake LA-4,LA4,,N
Lake Renegade,LA25,1982,N
Lambert M-106 Mission,M106,,F
Lammer Geyer Jupiter,JUPI,2002,
Lancair 320,LNC2,,N
Lancair 4,LNC4,,N
Lancair ES-P,LESP,,N
Lancair Evolution,EVOL,2008,N
Lancair LC-40 Columbia 300,COL3,,N
Lancair Legacy,LEG2,,N
Lancair Mako,MAKO,2017,
Lancair PropJet 4,LNP4,,N
Lancair Super ES,LNCE,,N
Lancashire EP-9 Prospector,EP9,,N
Lange Antares 20E,LAE1,,D
Lascurain Aura,laur,1957,XA
Laser Akro Z,LAKR,,VH
Latécoère 28,la28,1927,F
Latécoère 631,l631,1942,F
Lavochkin La-11,la11,1947,RA
Lavochkin La-5,la5,1942,RA
Lavochkin La-7,la7,1944,RA
Lavochkin-Gorbunov-Gudkov LaGG-3,lagg,1940,RA
Learjet 23,LJ23,1963,N
Learjet 24,LJ24,1966,N
Learjet 25,LJ25,1966,N
Learjet 28 / 29,LJ28,1977,
Learjet 31,LJ31,1987,N
Learjet 35 / 36,LJ35,1973,N
Learjet 40,LJ40,2002,N
Learjet 45,LJ45,1995,N
Learjet 55,LJ55,1979,N
Learjet 60,LJ60,1990,N
Learjet 70,LJ70,,
Learjet 75,LJ75,,N
Learjet 85,LJ85,2014,
Legend Turbine Legend,TLEG,,N
Let Aero 45,AE45,1947,OK
Let L-13 Blanik,ll13,1956,OK
Let L-200 Morava,L200,1957,OK
Let L-23 Super Blanik,ll23,1988,OK
Let L-33 Solo,ll33,,OK
Let L-410,L410,1969,OK
Let L-610,L610,1988,
Let Z-37A Cmelák,Z37P,1963,OK
LFG Roland C,roc2,1915,D
LH Aviation LH-10 Ellipse,LH10,2007,
Liberty XL-2,XL2,,N
Light Wing AC-4,AC4,,
Lilienthal X-32 Bekas,LX32,1993,UR
Lioré et Olivier 21,lo21,1929,F
Lioré et Olivier H.242,lo42,1929,F
LISA Akoya,AKOY,2007,
Lockheed (Super) Constellation,CONI,1943,N
Lockheed 18 Lodestar,L18,1939,N
Lockheed C-130 & L-100 Hercules,C130,1954,N
Lockheed C-141 Starlifter,C141,1963,N
Lockheed C-5 Galaxy,C5,1968,N
Lockheed F-104 Starfighter,F104,1954,C
Lockheed F-117 Nighthawk,F117,1981,N
Lockheed F-94 Starfire,f94,1949,N
Lockheed L-10 Electra,L10,1934,N
Lockheed L-1011 TriStar,L101,1970,N
Lockheed L-12 Electra Junior,L12,1936,N
Lockheed L-1329 Jetstar 2,L29B,,N
Lockheed L-1329 Jetstar 6,L29A,,N
Lockheed L-14 Super Electra / Hudson,L14,1937,N
Lockheed L-1649 Starliner,stlr,1956,N
Lockheed L-188 Electra,L188,1957,N
Lockheed Martin C-130J Super Hercules,C30J,1996,N
Lockheed Martin F-22 Raptor,F22,1997,N
Lockheed Martin F-35A Lightning II,F35,2006,N
Lockheed Martin F-35B Lightning II,VF35,2008,N
Lockheed Martin X-35,X35,2000,
Lockheed Martin X-55,X55,2009,
Lockheed P-2 Neptune,P2,1945,N
Lockheed P-3 Orion,P3,1958,N
Lockheed P-38 Lightning,P38,1939,N
Lockheed P-80 Shooting Star,f80,1944,N
Lockheed S-3 Viking,S3,1972,N
Lockheed SR-71 Blackbird,SR71,1964,N
Lockheed U-2,U2,1955,N
Lockheed Vega,vega,1927,N
Lockheed Ventura,L37,1941,N
Lockwood AirCam,ACAM,,N
Lucas L-5,LUL5,,F
Luscombe 11A Sedan,L11,,N
Luscombe 8,L8,1937,N
Luton Major,MAJR,1939,G
LVG C,lvgc,,D
M&D Flugzeugbau Avo-68 Samburo,AV68,,OE
M-Squared Breese,msqu,1996,N
Macchi M.C.100,mc1h,1939,I
Macchi M.C.94,mc94,1935,I
Macchi MB-308,M308,,I
Macchi MC.205,m205,1942,I
Magni M-14 Scout,MM14,,I
Magni M-16 Tandem Trainer,MM16,,I
Magni M-22 Voyager,MM22,,I
Magni M-24 Orion,MM24,,I
Magnus eFusion,EFUS,,HA
Magnus Fusion,FUSI,,HA
Mainair Blade,blad,,G
Mainair Gemini Flash,mgfl,,G
Malmo MFI-9 Junior,JUNR,,SE
Marquart MA-5 Charger,MA5,1970,N
Martin 2-0-2,m202,1946,N
Martin 4-0-4,M404,1950,N
Martin A-30 Baltimore,bltm,1941,N
Martin AM-1 Mauler,am1,1944,N
Martin B-10,m166,1932,N
Martin B-26 Marauder,B26M,1940,N
Martin M-130,m130,1934,N
Martin Mariner,mama,1939,N
Martin Mars,MARS,1942,N
Martin NBS-1,nbs1,1920,N
Martin P5M Marlin,marm,1948,N
Maule M-4,M4,1960,N
Maule M-5,M5,1971,N
Maule M-6 Super Rocket,M6,,N
Maule M-7-420,M7T,,N
Maule MX-7-160 Sportplane,M7,,N
Max Holste MH-1521 Broussard,BROU,,F
Maxair Drifter,DRIF,,N
MBB 223 Flamingo,S223,1967,D
MBB Bo 105,B105,1967,D
MBB HFB-320 Hansa Jet,HF20,1964,D
MBB/Kawasaki BK 117,BK17,1979,D
McCarley Mini-Mac,MMAC,1970,
McDonnell Douglas AH-64 Apache,H64,1975,N
McDonnell Douglas C-17 Globemaster III,C17,1991,N
McDonnell Douglas DC-10,DC10,1970,N
McDonnell Douglas DC-8-60,DC86,1966,N
McDonnell Douglas DC-8-70,DC87,1982,N
McDonnell Douglas DC-9-10,DC91,1965,N
McDonnell Douglas DC-9-20,DC92,1968,N
McDonnell Douglas DC-9-30,DC93,1966,N
McDonnell Douglas DC-9-40,DC94,1967,N
McDonnell Douglas DC-9-50,DC95,1974,N
McDonnell Douglas F-15 Eagle,F15,1972,N
McDonnell Douglas F-18 Hornet,F18H,1978,N
McDonnell Douglas F-4 Phantom II,F4,1958,N
McDonnell Douglas MD-11,MD11,1990,N
McDonnell Douglas MD-600N,MD60,1994,N
McDonnell Douglas MD-81,MD81,1979,N
McDonnell Douglas MD-82,MD82,1981,N
McDonnell Douglas MD-83,MD83,1984,N
McDonnell Douglas MD-87,MD87,1986,N
McDonnell Douglas MD-88,MD88,1987,N
McDonnell Douglas MD-90,MD90,1993,N
McDonnell Douglas MD-900 Explorer,EXPL,,N
McDonnell Douglas YC-15,C15,1975,
McDonnell F-101 Voodoo,f101,1954,N
McDonnell F2H Banshee,f2h,1947,N
McDonnell F3H Demon,f3h,1951,N
McDonnell FH-1 Phantom,fh1,1945,N
McKinnon Turbo Goose,G21T,,N
MD Helicopters MD-520N,MD52,,N
Mercury Shoestring,SHOE,1949,N
Messerschmitt Bf 110,me11,1936,D
Messerschmitt Me 262,me26,1942,D
Messerschmitt Me 323,me32,1942,D
Messerschmitt Me 410,me41,1942,D
Meteor FL-53,FL53,,I
Meteor FL-54,FL54,,I
Meteor FL-55,FL55,,I
Meyers 200,M200,1955,N
Meyers MAC-145,MC45,1947,
Micro Aviation B22 Bantam,bant,,ZK
Micro Aviation Bat Hawk,mabh,,ZS
Microleve Corsario,CRIO,,PP
MiG-17,MG17,1950,RA
MiG-19,MG19,1952,RA
MiG-21,MG21,1955,RA
MiG-25,MG25,1964,RA
MiG-27,MG23,1970,RA
MiG-31,MG31,1975,RA
MiG-35,MG29,2007,RA
MiG-AT,MGAT,1996,
Mikoyan MiG-1,mig1,1940,RA
Mikoyan MiG-15,MG15,1947,RA
Mikoyan MiG-3,mig3,1940,RA
Mil Mi-1,mi1,1948,RA
Mil Mi-10,MI10,1960,RA
Mil Mi-14,MI14,1969,RA
Mil Mi-2,MI2,1961,RA
Mil Mi-24,MI24,1969,RA
Mil Mi-26,MI26,1977,RA
Mil Mi-28,MI28,1982,RA
Mil Mi-34,MI34,1986,RA
Mil Mi-38,MI38,2003,
Mil Mi-4,MI4,1952,RA
Mil Mi-6,MI6,1957,RA
Mil Mi-8,MI8,1961,RA
Miles Gemini,GEMI,1945,G
Miles Hawk Major,M2HK,1934,G
Miles M-3 Falcon Major,FALM,,G
Miles M.57 Aerovan,aerv,1945,G
Miles Magister,MAGI,1937,G
Miles Marathon,milm,1946,G
Miles Martinet,mrnt,,G
Miles Master,mstr,1939,G
Miles Messenger,MESS,1942,G
Miles Monarch,MONA,1938,G
Miles Whitney Straight,WHIT,1936,G
Mirage Celerity,CELR,1985,N
Mitsubishi A6M Zero,ZERO,1939,JA
Mitsubishi F-1,F1,1975,
Mitsubishi F-2,F2,1995,JA
Mitsubishi MH-2000,MH20,1996,JA
Mitsubishi MRJ-90,MRJ9,2015,JA
Mitsubishi MU-2,MU2,1963,JA
Mitsubishi Mu-300 Diamond 1,MU30,1978,JA
Mitsubishi RP-1,RP1,1994,
Mitsubishi T-2,MT2,1971,JA
Monnett Moni,MONI,1981,N
Monnett Sonerai,SRAI,1971,N
Monocoupe 110 Special,M110,1931,N
Monocoupe 90,MC90,1927,N
Montaer MC01,MC01,,PP
Mooney M-10 Cadet,M10,1968,N
Mooney M-18 Mite,MITE,1947,N
Mooney M20,M20P,1953,N
Mooney M20 (turbo),M20T,1978,N
Mooney M22 Mustang,M22,1964,N
Morane Saulnier MS,MS76,1954,F
Morane-Saulnier AI,MSAI,1917,
Morane-Saulnier Alcyon,MS73,1949,F
Morane-Saulnier MS-230,MS23,1929,F
Morane-Saulnier MS-315,MS31,1932,F
Morane-Saulnier MS-406,m406,1935,F
Morane-Saulnier MS-505 Criquet,F156,,D
Mosquito Aviation XE,mosx,,C
Moura Esqualo,ESQL,,PP
Mraz M-1 Sokol,SOKL,1946,OK
MSW Votec 322,V322,2001,HB
Mudry CAP 10,CP10,1968,F
Mudry CAP-20,CP20,1976,F
Mudry CAP-21,CP21,,F
Mudry CAP-222,CP22,,F
Mudry CAP-230,CP23,1985,F
Murphy Moose,MR35,,C
Murphy Rebel,RBEL,1990,C
Murphy Renegade,RENE,,C
Murphy Yukon,YUKN,2007,
Mven 2 Fermer,MVN1,,RA
MXR MX-2,MX2,2002,VH
MXR MXS,MXS,,VH
Myasishchev M-101 Sokol,M101,,RA
Myasishchev M-4,MYA4,1953,
Mylius My-103 Mistral,MY13,1998,
Nakajima Ki-43,ki43,1939,JA
NAL Saras,SARA,2004,VT
NAMC YS-11,YS11,1962,JA
Nanchang CJ-6,CJ6,1958,B
Nanchang Q-5,Q5,1965,B
Nash Petrel,PTRL,1980,
Naval Aircraft Factory N3N,N3N,1935,N
Neiva EMB-711,P28R,,N
Neiva EMB-711ST,P28T,,N
Neiva EMB-810,PA34,,N
Neiva Paulistinha,PAUL,1935,PP
Neiva Regente,RGNT,1961,PP
Neiva T-25 Universal,UNIV,1966,PP
Nesmith Cougar,COUG,1957,
New Century Radial Rocket,RARO,,N
New Standard D-25,D25,1929,N
Nextant 400XT Beechjet,BE4W,,N
NHI NH-90,NH90,1995,EU
Nicollier HN-700 Menestrel II,HN70,1962,F
Nieuport 11,ni11,,F
Nieuport 17,ni17,1916,F
Nieuport 23,ni23,,F
Nieuport 28,NI28,1917,F
Nieuport-Delage NiD 52,ni52,1927,F
Noorduyn Norseman,NORS,1935,C
Nord 2501 Noratlas,NORA,1949,F
Nord 260,N260,1959,
Nord 262,N262,1962,F
Nord 3202,N320,1957,F
Nord 3400,N340,1958,F
Nord NC-850,NC85,1947,F
Nord Noralpha,N110,1944,F
Nord Norécrin,N120,1945,F
Nord Pingouin,ME08,1944,F
Norman J-6 Karatoo,KTOO,1988,C
Norman Nordic 2,NDIC,1986,C
Normand Dube Aerocruiser,NDAC,1985,C
North American AJ Savage,svge,1948,N
North American B-25 Mitchell,B25,1940,N
North American B-45 Tornado,b45,1947,N
North American F-100 Super Sabre,SSAB,1953,N
North American F-82 Twin Mustang,P82,1945,N
North American FJ-1 Fury,fj1,1946,N
North American FJ-2/3 Fury,fj2,1951,
North American FJ-4 Fury,fj4,1954,
North American NA-16,na16,1935,N
North American O-47,o47,1935,N
North American P-51 Mustang,P51,1940,N
North American Rockwell OV-10 Bronco,V10,1965,N
North American Sabreliner,SBR1,1959,N
North American T-2 Buckeye,T2,1958,N
North American T-28 Trojan,T28,1949,N
North American T-6 Texan,T6,1935,N
North American Vigilante,vigi,1958,N
North American Yale,YALE,1940,N
Northrop A-17,a17,1935,N
Northrop BT-1,bt1,1935,N
Northrop F-5,F5,1959,C
Northrop F-89 Scorpion,no89,1948,N
Northrop Grumman B-2 Spirit,B2,1989,N
Northrop Grumman E-2 Hawkeye,E2,1960,N
Northrop Grumman Firebird,FRBD,2010,
Northrop Grumman MQ-5,mq5,,N
Northrop Grumman RQ-4 Global Hawk,Q4,1998,N
Northrop Grumman X-47B,X47B,2011,
Northrop P-61 Black Widow,P61,1942,N
Northrop T-38 Talon,T38,1959,N
Northrop YC-125 Raider,C125,1949,N
Oberlerchner JOB-15,JB15,1960,OE
Oldfield Baby Lakes,BLKS,,N
OMA SUD Skycar,SKYC,2007,
OMAC Laser 300,OMLA,1981,
OMF-100 Symphony,SYMP,,D
Orlan-10,orla,,RA
Orlican L-40 Meta Sokol,L40,1956,OK
Orlican L-60 Brigadyr,L60,,OK
Osprey GP-4,GP4,1984,N
Osprey Osprey 2,GP3,1973,N
Pacific Aerospace 750XL,P750,,ZK
Pacific Aerospace Cresco,CRES,1979,ZK
Pacific Aerospace CT-4 Airtrainer,CT4,1972,ZK
Panavia Tornado,TOR,1974,I
Papa 51 Thunder Mustang,TMUS,,N
Paradise P-1,PAR1,,PP
Paradise P4,PAR4,,PP
Paramount Cabinaire,CABN,,N
Parker Jeanie's Teenie,jntn,1967,N
Parker Teenie Two,TTWO,1969,N
Parnall Elf,ELF,1929,G
Parnall Panther,papa,1917,G
Parrot Anafi,parr,,F
Partenair Mystere,S45,1996,
Partenavia AP-68TP-600 Viator,VTOR,,I
Partenavia AP68TP Spartacus,P68T,,I
Partenavia Oscar,OSCR,1965,I
Partenavia P-57 Fachiro 2,P57,,I
Partenavia P-68,P68,,I
Pawnee Chief,CHIF,2005,
Payne Knight Twister,KNTW,1932,
Pazmany PL-1 Laminar,PL1,,N
Pazmany PL-2,PL2,,N
Pazmany PL-4,PL4,1972,N
Pegasus Quantum,pequ,,G
Pegasus Quik,peqk,,G
Pegasus XL,pexl,,G
Pelegrin Tarragon,TARR,,YL
Percival Mew Gull,MGUL,1934,G
Percival Pembroke,PEMB,1952,G
Percival Prentice,PREN,1946,G
Percival Proctor,PROC,1939,G
Percival Provost,PPRO,1950,G
Percival Sea Prince,PRCE,,
Percival Vega Gull,VGUL,1935,G
Petlyakov Pe-2,pe2,1939,RA
Pfalz D,pfd3,1917,D
Phoenix Air U-15 Phoenix,U15,,OK
Phoenix-Aviacor M-12 Kasatik,KSTK,,RA
Phönix D,phd1,1917,OE
Piaggio P-136,P136,1948,I
Piaggio P-148,P148,1951,I
Piaggio P-149,P149,1953,I
Piaggio P-166,P66P,1957,I
Piaggio P-180 Avanti,P180,1986,I
Piaggio PD-808,P808,1964,I
Piel CP-1320 Saphir,SAPH,,F
Piel CP-320 Super Emeraude,CP32,,F
Piel CP-80 Zéphir,CP80,,F
Piel Diamant,CP60,,F
Piel Emeraude,CP30,1954,F
Piel Super Emeraude,CP13,,F
Pietenpol Aircamper,CAMP,1963,N
PIK-15 Hinu,PK15,,OH
PIK-21 Super Sytky,PK21,,OH
Pilatus B4-PC11,pc11,1966,HB
Pilatus P-2,PP2,1945,HB
Pilatus P-3,PP3,1953,HB
Pilatus PC-12,PC12,1991,HB
Pilatus PC-21,PC21,2002,HB
Pilatus PC-24,PC24,2015,HB
Pilatus PC-6 Porter,PC6P,1959,HB
Pilatus PC-6 Turbo-Porter,PC6T,1961,HB
Pilatus PC-7 Turbo Trainer,PC7,1966,HB
Pilatus PC-9,PC9,1984,HB
Piper Aerostar,AEST,1967,N
Piper J-3 Cub,J3,1938,N
Piper J-4 Cub Coupe,J4,1938,N
Piper J-5 Cub Cruiser,J5,1939,N
Piper M600,M600,,N
Piper PA-11 Cub Special,PA11,1946,N
Piper PA-12 Super Cruiser,PA12,1945,N
Piper PA-14 Family Cruiser,PA14,1947,N
Piper PA-15 Vagabond,PA15,1948,N
Piper PA-16 Clipper,PA16,1947,N
Piper PA-17 Vagabond,PA17,,N
Piper PA-18 Super Cub,PA18,1949,N
Piper PA-20 Pacer,PA20,1949,N
Piper PA-22 Colt,PA22,,N
Piper PA-23 Apache,PA23,1954,N
Piper PA-23 Aztec,PA27,1959,N
Piper PA-24 Comanche,PA24,1956,N
Piper PA-25 Pawnee,PA25,1957,N
Piper PA-28,P28A,1960,N
Piper PA-28-235,P28B,,N
Piper PA-28R Cherokee Arrow,P28R,,N
Piper PA-28RT-201 Arrow IV,P28T,,N
Piper PA-30 Twin Comanche,PA30,1962,N
Piper PA-31 Navajo,PA31,1964,N
Piper PA-31T-620 Cheyenne II,PAY2,,N
Piper PA-31T1-500 Cheyenne I,PAY1,,N
Piper PA-31T3-500 T-1040,PAT4,,N
Piper PA-32 Cherokee Six,PA32,1963,N
Piper PA-32R-300,P32R,,N
Piper PA-32RT-300,P32T,,N
Piper PA-34 Seneca,PA34,1967,N
Piper PA-36 Pawnee Brave,PA36,1969,N
Piper PA-38 Tomahawk,PA38,1978,N
Piper PA-40 Arapaho,pa40,1973,
Piper PA-42 Cheyenne III,PAY3,1979,N
Piper PA-42-1000 Cheyenne 400,PAY4,,N
Piper PA-44 Seminole,PA44,1978,N
Piper PA-46 Malibu,PA46,1979,N
Piper PA-46-500TP Malibu Meridian,P46T,,N
Pipistrel Alpha Trainer,PIAT,2012,S5
Pipistrel Panthera,PIPA,2013,S5
Pipistrel Sinus,PISI,1995,S5
Pipistrel Taurus,PITA,,S5
Pipistrel Velis Electro,PIVE,,S5
Pipistrel Virus,PIVI,1999,S5
Pipistrel WATTsUP,PIAE,2014,S5
Pitts S-1 Special,PTS1,,N
Pitts S-1-11 Super Stinker,PTSS,,N
Pitts S-12 Macho Stinker,PTMS,,N
Pitts S-2 Special,PTS2,,N
Platzer Kiebitz,kbtz,,D
Polikarpov I-153,I153,1937,RA
Polikarpov I-15bis,I15B,,RA
Polikarpov I-16,I16,1934,RA
Polikarpov I-180,i180,1938,RA
Polikarpov Po-2,PO2,1927,RA
Polikarpov R-5,por5,1928,RA
Polikarpov R-Z,porz,1935,RA
Politechnika Warszawska PW-4,PW4,,SP
Politechnika Warszawska PW-5,pw5,1993,SP
Porterfield Collegiate,CP65,1936,N
Potez 540,p540,1933,F
Potez 62,ptz6,1935,F
Potez 840,ptz0,1961,F
Potez-CAMS 161,ptz1,1942,F
Pottier P,P220,,F
Pottier P-170,PT70,,F
Pottier P-180,PT80,,F
Pottier P-230 Panda,P230,,F
Pottier P-270 Amster,P270,,F
Pottier P-50 Bouvreuil,P50,,F
Pottier P-70,P70,,
Pottier P-80,P80,,F
Pottier P.130,P130,1998,
Powell P-70 Acey Deucy,ACED,1970,N
Practavia Sprite,SPRT,1971,
Prescott Pusher,PUSH,1985,N
Procaer Picchio,PICO,1959,I
Progressive Aerodyne SeaRey,SREY,,N
Promavia Jet Squalus,JSQA,1987,
Protech PT-2 ProStar,SASY,,N
Prowler Jaguar,PROW,1985,
Pützer Elster,ELST,1959,D
PZL MD-12,md12,1959,SP
PZL-102 Kos,PZ02,1958,SP
PZL-104 Wilga 35,PZ04,1962,SP
PZL-104M Wilga 2000,PZ4M,1998,SP
PZL-106 Kruk,PZ06,1973,SP
PZL-106BT Turbo Kruk,PZ6T,1985,SP
PZL-130 Orlik,PZ3T,1984,SP
PZL-Bielsko SZD-48 Jantar Standard,sz48,1977,SP
PZL-Bielsko SZD-51 Junior,sz51,1980,SP
PZL-Mielec I-22 Iryda,I22,1985,SP
PZL-Mielec M-15 Belphegor,M15,1973,SP
PZL-Mielec M-18 Dromader,M18,1976,SP
PZL-Mielec M-18/T45 Turbine Dromader,M18T,1985,SP
PZL-Mielec M-26 Iskierka,M26,1986,SP
PZL-Mielec M-28 Skytruck,M28,1993,SP
PZL-Mielec TS-11 Iskra,TS11,1960,SP
PZL-Mielec TS-8 Bies,TS8,1955,SP
PZL-Swidnik SW-4,PSW4,1996,SP
PZL-Swidnik W-3 Sokól,W3,1979,SP
Quad City Challenger,quad,,N
Quartz Mountain 11E,L11E,,N
Quest Kodiak,KODI,2004,N
Questair Venture,VTUR,1987,N
Quickie Quickie Q2,QIC2,,N
Quicksilver GT500,qsgt,,N
Quicksilver MX,qsil,,N
Raab-Katzenstein RK-26,rk26,,SE
Radab Windex,WDEX,,SE
RAF BE-12,rb12,1912,G
RAF BE-2,be2,,G
RAF BE-8,re8,,G
RAF FE-2,fe2,,G
Rainbow Aerotrike Scout,rats,,ZS
Rainbow Cheetah,CTAH,,ZS
Rainbow Skyreach BushCat,BUSH,,ZS
Raj Hamsa X-AIR Falcon,XAIR,,VT
Raj Hamsa X-AIR Hawk,XA85,,VT
Rand KR-1,KR1,1972,N
Rand KR-2,KR2,,N
Rans S-10 Sakota,SAKO,1988,N
Rans S-11 Pursuit,PURS,1991,
Rans S-12 Super Airaile,RS12,,N
Rans S-16 Shekari,SHEK,1994,N
Rans S-18 Stinger 2,STG2,,
Rans S-19 Venterra,VTRA,2007,N
Rans S-20 Raven,RS20,,N
Rans S-21 Outbound,RS21,2017,N
Rans S-6 Coyote II,COY2,,N
Rans S-7 Courier,CRER,1985,N
Rans S-9 Chaos,chao,1986,N
Ravin 500,RAV5,2002,ZS
Raytheon CT-156 Harvard 2,TEX2,,N
Raytheon Premier 1,PRM1,1998,N
Rearwin Cloudster,CLDS,1939,
Rearwin Ken-Royce,KERO,1929,
Rearwin Speedster,SPDR,1935,
Rearwin Sportster,SPST,1935,N
Reflex Lightning Bug,LBUG,,N
Reflex White Lightning,WHIL,,N
Reggiane Re 2000,re2k,1939,I
Reims-Cessna F406 Caravan II,C406,1983,
Remos G-3 Mirage,G3,,D
Remos GX,GX,1997,D
Republic F-105 Thunderchief,f105,1955,N
Republic F-84 Thunderjet,f84,1948,N
Republic F-84F Thunderstreak,f84f,1950,N
Republic P-43 Lancer,p43,1940,N
Republic P-47 Thunderbolt,P47,1941,N
Republic RC-3 Seabee,RC3,1945,N
Revolution Mini-500,m500,1992,N
RFB Fantrainer,FANT,1977,D
Rihn DR-107 One Design,RODS,1993,N
RLU-1 Breezy,RLU1,,N
Robin Aiglon,R100,1977,F
Robin ATL,ATL,1983,F
Robin DR-340 Major,DR30,,F
Robin DR-500 President,DR40,1997,F
Robin HR-100,HR10,1969,F
Robin HR-200,HR20,1971,F
Robin R-2100/2112/2160,R200,1976,F
Robin R-3000,R300,1980,F
Robinson R22,R22,1975,N
Robinson R44,R44,1990,N
Robinson R66,R66,2007,N
Rockwell 680 Turbo Commander,AC80,,N
Rockwell 700 Commander 700,RC70,,N
Rockwell Aero Commander 690,AC90,,N
Rockwell Aero Commander 695,AC95,,N
Rockwell B-1 Lancer,B1,1974,N
Rockwell Commander 112/114,AC11,1970,N
Rockwell Ranger 2000,R2TH,1993,
Rockwell S-2R Thrush Commander,SS2P,,N
Rockwell Sabreliner 75 / 80,SBR2,,N
Rockwell-MBB X-31,X31,1990,
Rohrbach Ro X Romar,roxr,1928,D
Roko Aero NG-4,NG4,,OK
Rolladen-Schneider LS1,ls1,1968,D
Rolladen-Schneider LS3,ls3,1976,D
Rolladen-Schneider LS4,ls4,1980,D
Rolladen-Schneider LS6,ls6,1983,D
Rolladen-Schneider LS7,ls7,1987,D
Rolladen-Schneider LS8,rls8,1994,D
Rolladen-Schneider LS9,LS9,,D
Rollason Beta,BETA,1967,G
Rotary Air Force RAF-2000,RAF2,,C
RotorWay A600 Talon,A600,,N
RotorWay Exec,EXEC,1994,N
RotorWay JetExec,EXEJ,,N
RotorWay Scorpion,SCOR,1966,N
Royal Aircraft Factory S,SE5A,1916,G
RTAF Chandra,RTA4,,HS
Rumpler C,rumc,,D
Rupert R-12 Vimana,R12,,PP
Ruschmeyer R-90-230RG,R90R,,D
Rutan Boomerang,BOOM,1996,
Rutan Cozy,COZY,,N
Rutan Defiant,DEFI,1978,N
Rutan Long-EZ,LGEZ,1979,N
Rutan VariEze,VEZE,1975,N
Rutan VariViggen,VVIG,1972,N
Ryan FR-1 Fireball,fr1,1944,N
Ryan Navion,NAVI,1948,N
Ryan PT-22 Recruit,PT22,1941,N
Ryan ST,RYST,1934,N
Saab 105,SB05,1963,SE
Saab 17,sb17,1940,SE
Saab 18,sb18,1942,SE
SAAB 2000,SB20,1992,SE
Saab 21,sb21,1943,SE
Saab 29 Tunnan,SB29,1948,SE
Saab 32 Lansen,SB32,1952,SE
SAAB 340,SF34,1983,SE
Saab 35 Draken,SB35,1955,SE
Saab 37 Viggen,SB37,1967,SE
Saab 39 Gripen,SB39,1988,SE
Saab 91 Safir,SB91,1945,SE
Saab Safari,MF17,1971,SE
SAAB Scandia,sb90,1946,SE
SAI G-97 Spotter,G97,,I
SAI KZ-2 Traener,KZ2,1937,OY
SAI KZ-3,KZ3,1944,OY
SAI KZ-7 Laerke,KZ7,1946,OY
Salmson 2A2,2a2,1917,N
Salvay-Stark Skyhopper,SHOP,1945,N
SAN DR-100 Ambassadeur,DR10,,F
Saunders ST-27,st27,1969,C
Saunders-Roe Skeeter,sktr,1948,G
Savoia-Marchetti S.66,s66,1931,I
Savoia-Marchetti S.73,s73,1934,I
Savoia-Marchetti SM,sm62,1926,I
Savoia-Marchetti SM,sm79,1934,I
Savoia-Marchetti SM-81,sm81,1934,I
Savoia-Marchetti SM.75,sm75,1938,I
Savoia-Marchetti SM.95,sm95,1943,I
Scaled 339 Space Ship Two,SS2,2010,N
Scheibe Bergfalke,bfal,1951,D
Scheibe Falke,SF25,1963,D
Scheibe L-Spatz,scls,1952,D
Scheibe SF-23 Sperling,SF23,1955,D
Scheibe SF-24 Motorspatz,SF24,1960,D
Scheibe SF-27,SF27,1964,D
Scheibe SF-28 Tandem Falke,SF28,1971,D
Scheibe SF-34,sc34,1978,D
Scheibe Spatz,scsp,1952,D
Schempp-Hirth Arcus,arcu,2009,D
Schempp-Hirth Arcus E,ARCE,,D
Schempp-Hirth Arcus M,ARCP,,D
Schempp-Hirth Cirrus,cirr,1967,D
Schempp-Hirth Discus,DISC,1984,D
Schempp-Hirth Duo Discus,DUOD,,D
Schempp-Hirth Janus,JANU,1974,D
Schempp-Hirth Nimbus,NIMB,,D
Schempp-Hirth SHK-1,shk1,1965,D
Schempp-Hirth Standard Cirrus,scir,1969,D
Schempp-Hirth Ventus,VENT,,D
Schleicher ASG 29,AS29,2005,D
Schleicher ASG-32Mi,S32M,,D
Schleicher ASH 26,AS26,1993,D
Schleicher ASH 30Mi,AS30,,
Schleicher ASH 31Mi,AS31,,D
Schleicher ASK 13,as13,1966,D
Schleicher ASK 14,AS14,,D
Schleicher ASK 16,AS16,1971,D
Schleicher ASK 18,as18,1974,D
Schleicher ASK 21,ask1,1979,D
Schleicher ASK 21Mi,AS21,,
Schleicher ASK 23,as23,1983,D
Schleicher ASW 15,as15,1968,D
Schleicher ASW 17,as17,1971,D
Schleicher ASW 19,as19,1975,D
Schleicher ASW 20,AS20,1977,D
Schleicher ASW 22,AS22,1981,D
Schleicher ASW 24,AS24,1987,D
Schleicher ASW 27,as27,1995,D
Schleicher ASW 28,AS28,2000,D
Schleicher K 7 Rhönadler,ask7,1960,D
Schleicher K 8,ask8,1957,D
Schleicher Ka 2 Rhönschwalbe,ask2,1953,D
Schleicher Ka 4 Rhönlerche II,ask4,1953,D
Schleicher Ka 6,ask6,1955,D
Schweizer 330,S330,1988,N
Schweizer SA-2-37 Condor,SA37,,N
Schweizer SGS 1-23,s123,1948,N
Schweizer SGS 1-26,s126,1954,N
Schweizer SGS 1-34,s134,1969,N
Schweizer SGS 1-35,s135,1973,N
Schweizer SGS 1-36,s136,1979,N
Schweizer SGS 2-32,s232,1962,N
Schweizer SGS 2-33,s233,1965,N
Schweizer SGU 2-22,s222,1947,N
Scintex Rubis,RUBI,1962,
Scottish Aviation Bulldog,BDOG,1969,G
Scottish Aviation Twin Pioneer,TPIN,1955,G
Seabird Seeker,SB7,1989,
Seawind International Seawind,SEAW,1982,C
Selex Galileo Falco,FLCO,2003,I
SEPECAT Jaguar,JAGR,1968,F
Sequoia Falco,F8L,1955,I
Seversky BT-8,bt8,1933,N
Seversky P-35,p35,1935,N
SG Aviation Rally,SGRA,,I
SG Aviation Storm,STRM,,I
Shark Aero Shark,SHRK,2009,OM
Shenyang J-11,SU27,1998,B
Shenyang J-8B,J8B,,B
Shin Meiwa PS-1,US1,1967,JA
ShinMaywa US-2,US2,2003,JA
Short Belfast,BELF,1964,
Short L.17 Scylla,sl17,1934,G
Short S.17 Kent,ss17,1931,G
Short S.23 Empire,ss23,1936,G
Short S.25 Sandringham,SAND,1937,G
Short S.25 Sandringham/Sunderland,ss25,1937,G
Short S.26 G Class,ss26,1939,G
Short S.45 Solent,ss45,1946,G
Short S.8 Calcutta,ss8,1928,G
Short Stirling,strl,1939,G
Short Tucano,TUCA,1986,G
Shorts 330,SH33,1974,G
Shorts 360,SH36,1981,G
Shorts SC.7 Skyvan,SC7,1963,G
Siai-Marchetti FN-333 Riviera,FN33,1952,I
Siai-Marchetti S-205-18F,S05F,1965,I
Siai-Marchetti S-205-18R,S05R,,I
Siai-Marchetti S-208,S208,,I
Siai-Marchetti S-211,S211,1981,I
SIAI-Marchetti SF-260,F260,1964,I
SIAI-Marchetti SF-260TP,F26T,,I
Siai-Marchetti SM-1019,SM19,1969,I
SibNIA TVS-2,an2t,2018,RA
Sikorsky CH-37 Mojave,H37,1953,N
Sikorsky CH-53 Sea Stallion,H53,1964,N
Sikorsky CH-53K King Stallion,H53S,2015,N
Sikorsky R-4 Hoverfly,R4,1942,N
Sikorsky S-38,S38,1928,N
Sikorsky S-41,s41,1930,N
Sikorsky S-434,S434,2008,
Sikorsky S-51 / H-5,S51,1943,N
Sikorsky S-52,S52,1947,N
Sikorsky S-55 / H-19 Chickasaw,S55P,1949,N
Sikorsky S-55T,S55T,1969,N
Sikorsky S-58 / H-34 Chocktaw,S58P,1954,N
Sikorsky S-58T,S58T,1970,N
Sikorsky S-61 Sea King,S61,1959,N
Sikorsky S-61R,S61R,1959,N
Sikorsky S-62 / HH-52 Seaguard,S62,1958,N
Sikorsky S-64 / CH-54 Tarhe,S64,1962,N
Sikorsky S-76,S76,1977,N
Sikorsky S-92,S92,2008,N
Sikorsky S-97 Raider,S97,2015,N
Sikorsky S.42,s42,1934,N
Sikorsky S.43,s43,1935,N
Sikorsky UH-60 Black Hawk/S-70,H60,1982,N
Sikorsky VS-44,vs44,1937,N
Silence Twister,TWST,2000,D
Silvercraft SH-4,SH4,1963,I
SilverLight American Ranger AR-1,AR1,,N
Simmonds Spartan,sisp,1928,G
Sindlinger Hawker Hurricane,HAHU,1972,
SIPA S-903,S900,,F
Skyeton K-10 Swift,SK10,,UR
Skyote Aeromarine Skyote,SKYO,1976,
Skystar Kitfox Vixen,VIX,,
Skystar Pulsar,PULS,,N
Slepcev Storch,STOR,1994,YU
Slick 360,SLK3,,ZS
Slick 540,SLK5,,ZS
Sling 2/Sonaca 200,SLG2,,ZS
Sling 4,SLG4,2011,ZS
Slingsby T.21,sl21,1944,G
Slingsby T.30 Prefect,sl30,1948,G
Slingsby T.31 Tandem Tutor,sl31,1949,G
Slingsby T.38 Grasshopper,sl38,1952,G
Slingsby T.41 Skylark,sl41,1953,G
Slingsby T.42 Eagle,sl42,1954,G
Slingsby T.43 Skylark,sl43,1957,G
Slingsby T.45 Swallow,sl45,1957,G
Slingsby T.49 Capstan,sl49,1961,G
Slingsby T.50 Skylark 4,sl50,1961,G
Slingsby T.51 Dart,sl51,1963,G
Slingsby T.53,sl53,1967,G
Slingsby T.59 Kestrel,sl59,1970,G
Slingsby T.65 Vega,sl65,1977,G
Slingsby T67 Firefly,RF6,,G
Slipstream Genesis,GSIS,,N
Smith DSA-1 Miniplane,DSA1,,N
Smyth Sidewinder,SIDE,1969,N
SNCAC Martinet,mrtt,1944,F
SNCAC NC.211 Cormoran,snc1,1948,F
SNCASE (Lioré et Olivier) H.246,h246,1937,F
SNCASE SE.161 Languedoc,s161,1939,F
SNCASE SE.200,s2h,1942,F
SNCASE SE.2010 Armagnac,s201,1949,F
SNCASO Corse,crse,1945,F
SNCASO SO.30,so30,1945,F
Snow S-2,SS2P,,N
SOCATA Horizon,GY80,1960,F
Socata Rallye,RALL,1959,F
Socata ST-10 Diplomate,ST10,1967,F
Socata TB-10 Tobago,TOBA,1977,F
Socata TB-20 Trinidad,TB20,1980,F
Socata TB-21 Trinidad,TB21,,F
Socata TB-30 Epsilon,TB30,1977,F
Socata TB-9 Tampico,TAMP,1979,F
Socata TBM-700,TBM7,1988,F
Socata TBM-850,TBM8,,F
Socata TBM-900,TBM9,,F
Soko G-2 Galeb,G2GL,1961,T9
Soko G-4 Super Galeb,G4SG,1978,T9
Soko J-20 Kraguj,KRAG,1962,
Soko J-21 Jastreb,JAST,1965,T9
SOKO J-22 Orao,YURO,1974,T9
Solo Wings Aquilla,swaq,,ZS
Solo Wings Windlass,swwi,,ZS
Sonex Onex,ONEX,2011,N
Sonex Sonex,SONX,,N
Sonex SubSonex,JSX,2011,N
Sonex Waiex,WAIX,,N
Sonex Xenos,XNOS,,N
Sopwith Camel,CAML,1916,G
Sopwith Pup,SPUP,1916,G
Sopwith Snipe,snip,1917,G
Sopwith Strutter,stru,1915,G
Sopwith Triplane,3pln,1916,G
Sorrell Guppy,SNS2,1967,N
Sorrell SNS-7 Hiperbipe,SNS7,,N
SPAD S.VII,spd7,1916,F
Spartan Executive,SP7,1936,N
Spectrum Aeronautical Spectrum 33,SP33,2006,N
Spencer Air Car,S12,1941,N
Spezio Tuholer,DAL1,1961,N
Spijker V,spv2,1917,PH
Sport Copter SportCopter 2,SCII,,N
Sportavia-Putzer SFS-31 Milan,SF31,,D
Sportavia-Pützer Sportsman,RS18,,D
Stampe SV-4,SV4,1933,OO
Standard J-1,stj1,1916,N
Star-Lite,SL1,,N
Starck AS-80 Holiday,AS80,1947,
Staudacher S-300,ST30,,N
Staudacher S-600,ST60,,N
Stearman 4 Junior Speedmail,ST4,1930,N
Stearman C-3,ST3,1927,N
Stearman Cloudboy,ST6,1931,
Steen Skybolt,BOLT,1970,N
Stemme S-12 Twin Voyager,S12S,,D
Stemme S10,S10S,1986,D
Stemme S6,S6,2006,D
Stephens Akro,AKRO,1967,N
Stern ST-87 Europlane,ST87,,F
Stewart JD-1 Headwind,HEAD,1962,N
Stewart S-51D,S51D,,N
Stinson 10 Voyager,S10,1939,N
Stinson 108 Voyager,S108,1944,N
Stinson L-1 Vigilant,l1vi,1940,N
Stinson L-13,L13,1945,N
Stinson L-5 Sentinel,L5,1941,N
Stinson Reliant,RELI,1933,N
Stinson SM-6000 Tri-Motor,SM60,,N
Stinson Tri-Motor (A),TRMA,,N
Stits Playboy,SA3,1952,N
Stits SA-11 Playmate,SA11,,N
Stits SA-6 Flut-R-Bug,SA6,,N
Stits SA-7 Sky-Coupe,SA7,,N
Stoddard-Hamilton Glasair,GLAS,,N
Stolp SA-300 Starduster Too,SA30,,N
Stolp SA-700 Acroduster,SA70,,N
Stolp SA-750 Acroduster Too,SA75,,N
Stolp Starduster,SA10,1957,N
Striplin Sky Ranger,STRA,,N
Sud Aviation Alouette II,ALO2,1955,F
Sud Aviation Alouette III,ALO3,1959,F
Sud Aviation SE-210 Caravelle,S210,1955,F
Sud SO-1221 Djinn,DJIN,,F
Sud SO-4050 Vautour,VAUT,,F
Sukhoi Su-15,SU15,1962,RA
Sukhoi Su-17,SU17,1966,RA
Sukhoi Su-2,su2,1937,RA
Sukhoi Su-24,SU24,1970,RA
Sukhoi Su-25,SU25,1975,RA
Sukhoi Su-26,SU26,1984,RA
Sukhoi Su-29,SU29,1991,RA
Sukhoi Su-31,SU31,1992,RA
Sukhoi Su-38,SU38,2001,
Sukhoi Su-57,T50S,2010,RA
Sukhoi Su-57,SU57,2010,
Sukhoi Su-7,SU7,1955,RA
Sukhoi Su-80,SU80,2001,
Sukhoi Su-9,su9,1956,RA
Sukhoi Superjet 100,SU95,2008,RA
Sunward Aurora SA60L,AURA,2008,B
Supermarine Aircraft Spitfire Mk 26,SASP,1994,VH
Supermarine Scimitar,susc,1956,G
Supermarine Spitfire,SPIT,1936,G
Supermarine Stranraer,sust,1934,G
Supermarine Swift,SWIF,1948,G
Supermarine Walrus,walr,1933,G
Swearingen Merlin II,SW2,1965,N
Swearingen Merlin III,SW3,,N
Swearingen Metro / Merlin IV,SW4,1969,N
Swearingen SX-300,SX30,1984,N
Swiss Excellence Siren,RISN,2012,HB
SyberJet SJ30-2,SJ30,1991,N
SZD-22 Mucha Standard,sz22,1958,SP
SZD-24 Foka,sz24,,SP
SZD-30 Pirat,sz30,,SP
SZD-36 Cobra 15,sz36,1969,SP
SZD-41 Jantar Standard,sz41,,SP
SZD-42 Jantar 2,sz42,1976,SP
SZD-45 Ogar,SZ45,1973,SP
SZD-50 Puchacz,sz50,,SP
SZD-55 Promyk,sz55,1988,SP
SZD-9 Bocian,sz9,,SP
TAI Anka,ANKA,2010,
TAI Hürkus,HURK,2013,TC
Tapanee Levitation 4,LEVI,2002,
Tapanee Pegazair,PEGZ,,C
Taylor JT-1 Monoplane,jt1,,N
Taylor JT-2 Titch,JT2,,N
Taylor Coot,COOT,1969,N
Taylor E-2 Cub,E2CB,1930,N
Taylor J-2 Cub,J2,1935,N
Taylorcraft 15 Tourist,TA15,,G
Taylorcraft Auster 1,PLUS,,G
Taylorcraft Auster III,AUS3,,G
Taylorcraft Auster IV,AUS4,,G
Taylorcraft Auster V,AUS5,,G
Taylorcraft B,TAYB,,N
Taylorcraft D,TAYD,,N
Taylorcraft F-19 Sportsman,TF19,,N
Taylorcraft F-21,TF21,,N
Taylorcraft F-22 Ranger,TF22,,N
Team Mini-Max,mima,,N
Team Rocket F-1,TRF1,,N
Team Tango Foxtrot-4,FOXT,,N
Team Tango Tango-2,TAGO,,N
Technoavia Rysachok,RYSA,2010,
Technoavia SM-2000,SM20,,
Technoavia SM-92 Finist,SM92,1993,RA
Technoavia SP-55,SP55,,RA
Technoavia SP-91 Slava,SP91,,RA
Technoavia SP-95,SP95,,RA
Technoavia Turbo Finist,SG92,,RA
Tecnam Astore,ASTO,2013,I
Tecnam P2002,SIRA,2003,I
Tecnam P2004,BRAV,2002,I
Tecnam P2006T,P06T,2007,I
Tecnam P2008,P208,2009,I
Tecnam P2010,TWEN,2012,I
Tecnam P2012,P212,2016,I
Tecnam P92,ECHO,1993,I
Tecnam P96,GOLF,1996,I
Temco T-35 Buckaroo,T35,1948,
Teratorn Tierra II,tier,,N
Terrafugia Transition,TSTN,2009,
Terzi T-9 Stiletto,STIL,1990,
Texas Helicopter M-74 Wasp,M74,,N
Textron AirLand Scorpion,E530,2013,
The Airplane Factory Sling 2,SLG2,,ZS
The Airplane Factory Sling 4,SLG4,,ZS
Thomas-Morse MB-3,mb3,1919,N
Thomas-Morse O-19,o19,1929,N
Thomas-Morse S-4 Scout,tms4,1917,N
Thorp T-18 Tiger,T18,1963,N
Thorp T-211,T211,1945,N
Thrush S-2R-T660,A660,,N
Thurston Teal,TEAL,1968,N
Tipsy B,TIPB,1937,OO
Tipsy Nipper,NIPR,1957,OO
Titan T-51 Mustang,T51,,N
Titan Tornado SS,TRDO,,N
TL Ultralight Sting,TL20,,OK
TL Ultralight Stream,STRE,,OK
TL Ultralight TL-3000 Sirius,TL30,2008,OK
TL Ultralight TL-96,tl96,,
Tomark Viper,SD4,2006,OM
Transall C-160,C160,1963,F
Transavia PL-12 Airtruk,PL12,1965,VH
Travel Air 2000,TVLB,1925,N
Travel Air 4000,TVL4,,N
Tri-R Cruiser,KIS4,,N
Tri-R KIS TR-1,KIS2,,N
Trident TR-1 Trigull,TR1,1973,
Trike Icaros Adventure,TIAD,,PP
Tupolev ANT-20,ant2,1934,RA
Tupolev G-2,tug2,1930,RA
Tupolev SB-2,sb2,,RA
Tupolev Tu-104,t104,1955,RA
Tupolev Tu-114,t114,1957,RA
Tupolev Tu-124,t124,1960,RA
Tupolev Tu-134,T134,1963,RA
Tupolev Tu-144,T144,1968,RA
Tupolev Tu-154,T154,1968,RA
Tupolev Tu-16,TU16,,RA
Tupolev Tu-160,T160,1981,RA
Tupolev Tu-204,T204,1989,RA
Tupolev Tu-22,TU22,1959,RA
Tupolev Tu-22M,T22M,1969,RA
Tupolev Tu-334,T334,1999,
Tupolev Tu-4,TU4,1947,
Tupolev Tu-95,TU95,1952,RA
Turner T-40,T40,,N
Udet U12 Flamingo,UU12,1925,D
Uetz Pelikan,PKAN,1963,HB
UL-Jih Fascination,DAL4,1996,OK
Ultimate 10 Albertan,UL10,,C
Ultravia Pelican,PELI,,C
United Consultant UC-1 Twin Bee,TBEE,,N
Urban UFM-10 Samba,UF10,1999,OK
Urban UFM-11 Lambada,UF13,,OK
Utva 65 Privrednik,UT65,1965,YU
Utva 66,UT66,1966,YU
Utva 75,UT75,1976,YU
Utva Lasta,LAST,1985,YU
Valentin Kiwi,KIWI,,D
Valentin Taifun,TFUN,1981,D
Valmet L-70 Vinka,L70,1975,OH
Valmet L-90TP Redigo,L90,1986,OH
Valmet PIK-23 Towmaster,PK23,1982,
Valtion Viima,VIMA,1936,OH
Van Berkel WA,vbwa,,PH
Van's RV-10,RV10,2003,N
Van's RV-12,RV12,2006,N
Van's RV-14,RV14,,N
Van's RV-3,RV3,1971,N
Van's RV-4,RV4,1979,N
Van's RV-6,RV6,1985,N
Van's RV-7,RV7,2001,N
Van's RV-8,RV8,1995,N
Van's RV-9,RV9,1997,N
Varga 2150 Kachina,MOR2,1958,N
Vashon Ranger R7,VR7,2017,N
Velocity SE,VELO,1995,N
Velocity V-Twin,VELT,2012,N
Verilite Sunbird,SUNB,1987,
Vertol CH-21 Work horse,H21,1952,N
VFW-614,VF14,1971,D
Vickers 170 Vanguard,vck7,1923,G
Vickers Valentia,vnti,1934,G
Vickers Valetta,vltt,1947,G
Vickers Vanguard,vang,1959,G
Vickers Varsity,vars,1949,G
Vickers VC10,VC10,1962,G
Vickers Viking,vikg,1945,G
Vickers Vildebeest,vinc,1928,G
Vickers Viscount,VISC,1948,G
Vickers Warwick,warw,1939,G
Vickers Wellesley,wlls,1935,G
Vickers Wellington,well,1936,G
Victa Aircruiser,ACSR,1966,VH
Victa Airtourer,TOUR,1959,VH
Viking Dragonfly,DFLY,,N
VisionAire Vantage,VANT,1996,
Vol Mediterrani VM-1 Esqual,VM1,,SE
Volmer VJ-22 Sportsman,VJ22,1958,N
Volpar Turboliner,B18T,1967,N
Vought A-7 Corsair II,A7,,N
Vought F4U Corsair,CORS,1940,N
Vought O2U Corsair,o2u,,N
Vought OS2U Kingfisher,vos2,1938,N
Vought SBU,vsbu,1933,N
Vought VE-7,vve7,1917,N
Vulcanair Canguro,F600,1978,I
Vulcanair Mission,VF60,2002,
Vultee BT-13 Valiant,VALI,1939,N
Vultee P-66 Vanguard,p66,1939,N
Vultee Vengeance,veng,1941,N
Waco 10,WACO,1927,N
Waco 9,WAC9,1925,N
Waco CG-4,cg4,1942,N
Waco Classic YMF,WACF,,N
Waco CRG,WACG,1930,
Waco RBA,WACA,,N
Waco SRE Aristocrat,WACE,,N
Waco YOC,WACC,,N
WAR Focke-Wulf 190,WFOC,,
WAR Hawker Sea Fury,WFUR,,
Wassmer WA-40 Super IV,WA40,1959,F
Wassmer WA-41 Baladou,WA41,,F
Wassmer WA-51 Pacific,WA50,1966,F
Wassmer WA-80 Piranha,WA80,1975,F
Watson Windwagon,WIND,,N
Weatherly 620,W201,1979,N
Wendt WH-1 Traveler,WH1,1972,N
Westland 30,WG30,1979,G
Westland Lynx,LYNX,1971,G
Westland Lysander,LYSA,1936,G
Westland Scout,SCOU,1960,G
Westland Wapiti,wapi,,G
Westland Wasp,WASP,1962,G
Westland Wessex,WESX,1958,G
Westland Whirlwind,wewh,1938,G
Wheeler Express,EXPR,1987,N
Windecker Eagle,WINE,1967,
Wing Derringer,D1,1962,N
Wittman W-5 Buttercup,W5BC,2002,
Wittman W-9 Tailwind,TAIL,,N
Wolf W-11 Boredom Fighter,W11,1979,N
Wüst Seahawk,WUSH,2003,
Xian JH-7,JH7,,B
Xian MA-60,MA60,2000,B
XtremeAir Sbach 300,IMPX,2006,D
XtremeAir Sbach 342,XA42,2008,D
XtremeAir XA41 Sbach,XA41,,D
Yakovlev Yak-1,yak1,1940,RA
Yakovlev Yak-11,YK11,1945,RA
Yakovlev Yak-112,Y112,1992,
Yakovlev Yak-12,YK12,1946,RA
Yakovlev Yak-130,Y130,1996,RA
Yakovlev Yak-141,Y141,1987,RA
Yakovlev Yak-18,YK18,1946,RA
Yakovlev Yak-18T,Y18T,1967,RA
Yakovlev Yak-23,yk32,1947,RA
Yakovlev Yak-28,YK28,1958,RA
Yakovlev Yak-3,YAK3,1941,RA
Yakovlev Yak-32,YK30,1960,
Yakovlev Yak-38,YK38,1971,RA
Yakovlev Yak-40,YK40,1966,RA
Yakovlev Yak-42,YK42,1975,RA
Yakovlev Yak-50,YK50,1975,RA
Yakovlev Yak-52,YK52,1976,RA
Yakovlev Yak-54,YK54,1993,RA
Yakovlev Yak-55,YK55,1981,RA
Yakovlev Yak-58,YK58,1993,RA
Yakovlev Yak-7,yak7,1940,RA
Yakovlev Yak-9,YAK9,1942,RA
Yeoman Cropmaster,YA1,1960,VH
Zenair CH 100 Mono Zenith,CH10,1975,C
Zenair CH 200,CH20,1970,C
Zenair CH 2000,CH2T,,C
Zenair CH 250 Zenith,CH25,,C
Zenair CH 300 Zenith,CH30,1977,C
Zenair CH 601 Zodiac,CH60,1984,C
Zenair CH 640,CH64,,C
Zenair STOL CH 701,CH70,1986,C
Zenair STOL CH 750,CH75,,C
Zenair STOL CH 801,CH80,,C
Zenith CH 650 Zodiac,CH65,,C
Zivko Edge 540,EDGE,,N
Zivko Edge 540 T,EDGT,,N
Zlin Aviation Savage,SAVG,,OK
Zlin Z-22 Junak,Z22,1947,OK
Zlin Z-26 Trener,Z26,1947,OK
Zlin Z-42,Z42,1967,OK
Zlin Z-43,Z43,1968,OK
Zlin Z-50,Z50,1975,OK
